
GO

INSERT INTO Personal_Info(StudentId, LastName, FirstName, MiddleName, Address, FundSource, FundSourceType, Job, SalaryEnough, SalaryRange)
VALUES
	('215048994', 'Ong', 'Lovely Shane', 'Pameron', 'Cebu City', 'Parents/Guardians', '', '', '', ''),
	('231987729', 'Cararag', 'Trisha Raye', 'Verano', 'Cebu Province', 'Parents/Guardians', '', '', '', ''),
	('231165150', 'Verdida', 'Fateful', 'Dela Cruz', 'Cebu City', 'Parents/Guardians', '', '', '', ''),
	('236945985', 'Jordan', 'Daniel Russel', 'Oakes', 'Cebu Province', 'Parents/Guardians', '', '', '', ''),
	('233109286', 'Cambarihan', 'Archangel', 'Apurado', 'Cebu Province', 'Parents/Guardians', '', '', '', ''),
	('170545444', 'Lim', 'Michelu Tia', 'Abello ', 'Cebu City', 'Parents/Guardians', '', '', '', ''),
	('236892742', 'Camay', 'James', 'Palionay', 'Cebu Province', 'Parents/Guardians', '', '', '', ''),
	('232648343', 'Lapiña', 'Honey Fate', 'Maisog', 'Cebu City', 'Parents/Guardians', '', '', '', ''),
	('233018809', 'Del Castillo', 'Lilalene', 'Jusay', 'Cebu City', 'Parents/Guardians', '', '', '', ''),
	('231603575', 'Pacio', 'Muriel', 'Diongzon', 'Cebu City', 'Parents/Guardians', '', '', '', ''),
	('194004588', 'Idul', 'Carl Kevin', 'Gallardo', 'Cebu Province', 'Parents/Guardians', '', '', '', ''),
	('232079543', 'Hisoler', 'Rhegynne Leighlane ', 'Monsanto ', 'Cebu City', 'Parents/Guardians', '', '', '', ''),
	('231998921', 'Carcueva', 'Kurt Laurence', 'P.', 'Cebu Province', 'Parents/Guardians', '', '', '', ''),
	('232217877', 'Binagatan', 'Alexander Jr.', 'Bersano', 'Cebu City', 'Parents/Guardians', '', '', '', ''),
	('231754768', 'Base', 'Jascha', 'Billon', 'Cebu Province', 'Parents/Guardians', '', '', '', ''),
	('232772181', 'Acebes', 'Jared Sheohn', 'Legaspi', 'Cebu City', 'Parents/Guardians', '', '', '', ''),
	('232753290', 'Espelita', 'Gabriel Lyle', 'Zapanta', 'Cebu Province', 'Parents/Guardians', '', '', '', ''),
	('231479398', 'Enario', 'Lance Joseph Lorenz', 'Selgas', 'Cebu City', 'Parents/Guardians', '', '', '', ''),
	('233280395', 'Emia', 'Seth Nathaniel', 'Galacio', 'Cebu City', 'Parents/Guardians', '', '', '', ''),
	('232076731', 'Dy', 'Zendy', 'Lara', 'Cebu Province', 'Parents/Guardians', '', '', '', ''),
	('232159735', 'Borgonia', 'John Dymier', 'Osorio', 'Cebu City', 'Parents/Guardians', '', '', '', ''),
	('201843115', 'Gabutan', 'David', 'Navarce ', 'Cebu City', 'Parents/Guardians', '', '', '', ''),
	('233217874', 'Alvarado', 'Carl Joseph', 'Balabala', 'Cebu Province', 'Parents/Guardians', '', '', '', ''),
	('232851520', 'Mendoza', 'Mary Grace', 'Langco', 'Cebu City', 'Parents/Guardians', '', '', '', ''),
	('232297300', 'Casas', 'Elissa Mae', 'Buenvenida ', 'Cebu City', 'Parents/Guardians', '', '', '', ''),
	('233047534', 'Jacalan', 'Aaron Rey', 'A.', 'Cebu City', 'Parents/Guardians', '', '', '', ''),
	('183084285', 'Layese', 'Hannah Niah', 'Maru', 'Cebu City', 'Parents/Guardians', '', '', '', ''),
	('232691735', 'Cansico', 'Trisha Mae', 'Capin', 'Cebu City', 'Parents/Guardians', '', '', '', ''),
	('236451315', 'Ancheta', 'Kent Vincent', 'Gailanan', 'Cebu City', 'Parents/Guardians', '', '', '', ''),
	('235199828', 'Gimarino', 'Claire Ann', 'Diez', 'Cebu Province', 'Parents/Guardians', '', '', '', ''),
	('235762459', 'Casipong', 'Jon Mari', 'Arañas', 'Cebu City', 'Parents/Guardians', '', '', '', ''),
	('235669609', 'Manigos', 'Charlie', 'Mendez', 'Cebu City', 'Parents/Guardians', '', '', '', ''),
	('195529442', 'Degamo', 'Kyean Russelle', 'Cervantes', 'Cebu City', 'Parents/Guardians', '', '', '', ''),
	('233917543', 'Kierulf', 'Kelvin Pehrson', 'Ponce', 'Cebu Province', 'Parents/Guardians', '', '', '', ''),
	('234383545', 'Caralde', 'Jeesandee Joseph', 'Ubanan', 'Cebu City', 'Parents/Guardians', '', '', '', ''),
	('215714872', 'Elca', 'Angelo', 'Lico', 'Cebu City', 'Me', 'Private Work', 'Investment', 'Yes', 'greater than 15,000'),
	('234601608', 'Olodin', 'Krizza Beth', 'Martinez', 'Cebu City', 'Parents/Guardians', '', '', '', ''),
	('233952209', 'Colina', 'Kirsten', 'Maybritt', 'Cebu City', 'Parents/Guardians', '', '', '', ''),
	('232416830', 'Arbiol ', 'John Lyster ', 'Tan', 'Outside Cebu', 'Parents/Guardians', '', '', '', ''),
	('201140024', 'Erojo', 'Richimir', 'Badilles', 'Cebu City', 'Parents/Guardians', '', '', '', ''),
	('234184587', 'Cabungcag', 'Vince Astly', 'Nacar', 'Cebu Province', 'Parents/Guardians', '', '', '', ''),
	('130498411', 'Lee', 'Karl John', 'Mantigue', 'Cebu City', 'Parents/Guardians', '', '', '', ''),
	('233570713', 'Lomocso', 'Austine John', 'Padro', 'Cebu Province', 'Parents/Guardians', '', '', '', ''),
	('233389370', 'Tabernero', 'Shervin Dale', 'Maupo', 'Cebu Province', 'Parents/Guardians', '', '', '', ''),
	('233693138', 'Perez', 'John Clyde', 'Jabagat', 'Cebu City', 'Parents/Guardians', '', '', '', ''),
	('201140029', 'Plando', 'Kyle', 'Nocos', 'Cebu City', 'Parents/Guardians', '', '', '', ''),
	('225330924', 'Gallardo', 'Eduard Ken ', 'Yso', 'Cebu City', 'Parents/Guardians', '', '', '', ''),
	('234739174', 'Licuanan', 'Kristine Ysabel', 'Ortega', 'Cebu City', 'Parents/Guardians', '', '', '', ''),
	('234205826', 'Pinca', 'Jamiel Kyne', 'Rondez', 'Cebu Province', 'Parents/Guardians', '', '', '', ''),
	('234515683', 'Ano-os', 'Iesus Rey', 'Algarme', 'Cebu City', 'Parents/Guardians', '', '', '', ''),
	('233429486', 'Arco', 'Joshua', 'D.', 'Cebu Province', 'Parents/Guardians', '', '', '', ''),
	('234496954', 'Ewican', 'James', 'Oralde', 'Cebu City', 'Parents/Guardians', '', '', '', ''),
	('233855504', 'Revelo', 'Camilo Greg', 'Pante', 'Cebu City', 'Parents/Guardians', '', '', '', ''),
	('234078311', 'Morales', 'Dilton Rowan', 'Suico', 'Cebu City', 'Parents/Guardians', '', '', '', ''),
	('222097673', 'Milleza', 'Jervin Ryle', 'Inoc', 'Cebu Province', 'Parents/Guardians', '', '', '', ''),
	('212600934', 'Doble', 'Reynald Anthony', 'Cuyos', 'Cebu Province', 'Parents/Guardians', '', '', '', ''),
	('213082308', 'Pansacala', 'Jhon Warren', 'Capote', 'Cebu City', 'Parents/Guardians', '', '', '', ''),
	('211224254', 'Bigno', 'Richemmae', 'Valle', 'Cebu City', 'Parents/Guardians', '', '', '', ''),
	('230527402', 'Adolfo', 'Lee Jasmin', 'Ramirez', 'Cebu City', 'Parents/Guardians', '', '', '', ''),
	('231160434', 'Barcelon', 'Jhon Nicole', 'Jabonillo', 'Cebu Province', 'Parents/Guardians', '', '', '', ''),
	('234188468', 'Sayson', 'John Michael', 'Robledo', 'Cebu City', 'Parents/Guardians', '', '', '', ''),
	('231957693', 'Boniel', 'Symeon Joshua', 'Navales', 'Cebu Province', 'Parents/Guardians', '', '', '', ''),
	('231597784', 'Policios', 'Andre', 'Cruz', 'Cebu Province', 'Parents/Guardians', '', '', '', ''),
	('231648595', 'Sarsonas', 'Kervin Gino', 'Mosquera', 'Cebu Province', 'Me', 'Private Work', 'Assistant Scuba Diver', 'No', 'less than 5,000'),
	('235711257', 'Sultan', 'April John ', 'A.', 'Cebu Province', 'Parents/Guardians', '', '', '', ''),
	('232290733', 'Habon', 'Michelle Marie', 'Palacio', 'Cebu City', 'Me', 'Non-Academic Scholars (NAS)', '', '', ''),
	('231982527', 'Laurente', 'Dien Michael ', 'Miao', 'Cebu City', 'Parents/Guardians', '', '', '', ''),
	('232442334', 'Daal', 'Wyben', 'Casquejo ', 'Cebu City', 'Parents/Guardians', '', '', '', ''),
	('234358139', 'Guadiana', 'Sherielyn', 'Cabugwas', 'Cebu City', 'Parents/Guardians', '', '', '', ''),
	('200140043', 'Mendoza', 'Rafael', 'Ababat', 'Cebu City', 'Parents/Guardians', '', '', '', ''),
	('235102415', 'Diez', 'Mechaela Sofia', 'A.', 'Cebu City', 'Parents/Guardians', '', '', '', ''),
	('170338635', 'Archival', 'Shane Nathan', 'Buot', 'Cebu City', 'Parents/Guardians', '', '', '', ''),
	('120470443', 'Migallos', 'Florence Azriel', 'Roperos', 'Cebu City', 'Parents/Guardians', '', '', '', ''),
	('232302526', 'Aloria', 'Sophia Bianca', 'N/A', 'Cebu Province', 'Parents/Guardians', '', '', '', ''),
	('231924354', 'Sabornido', 'Xavier John', 'Alcontin', 'Cebu City', 'Parents/Guardians', '', '', '', ''),
	('207429858', 'Ramos', 'Jeremiah', 'Tiston', 'Cebu City', 'Parents/Guardians', '', '', '', ''),
	('232047462', 'Agad', 'Mark laurence', 'Libor', 'Cebu Province', 'Parents/Guardians', '', '', '', ''),
	('231805297', 'Vergara', 'Keenan Ravic', 'Aguilar', 'Cebu City', 'Parents/Guardians', '', '', '', ''),
	('231795734', 'Villas', 'Ervin Louis', 'Bansag', 'Cebu City', 'Parents/Guardians', '', '', '', ''),
	('233757111', 'Monteclaro', 'Kurt David', 'Mag-isa', 'Cebu City', 'Parents/Guardians', '', '', '', ''),
	('235442132', 'Dakay', 'Shanly', 'Lariosa', 'Cebu Province', 'Parents/Guardians', '', '', '', ''),
	('235852966', 'Gorre', 'Christian James', 'N/A', 'Cebu Province', 'Parents/Guardians', '', '', '', ''),
	('2017011848', 'Sia', 'David Ryan ', 'Danag', 'Cebu City', 'Parents/Guardians', '', '', '', ''),
	('235952883', 'Ranido', 'Mitch', 'Apurado', 'Cebu City', 'Parents/Guardians', '', '', '', ''),
	('231925986', 'Abel', 'Zydric', 'Quimbo', 'Cebu City', 'Parents/Guardians', '', '', '', ''),
	('232250144', 'Fernandez', 'Homer', 'Ortega', 'Outside Cebu', 'Parents/Guardians', '', '', '', ''),
	('231934189', 'Armamento', 'Justin Rey', 'Lariego', 'Cebu Province', 'Parents/Guardians', '', '', '', ''),
	('232256994', 'Quijano', 'Gia Meggie', 'Maaghop', 'Cebu City', 'Parents/Guardians', '', '', '', ''),
	('232081111', 'Uy', 'Emman Jay', 'Cañaveral', 'Cebu City', 'Parents/Guardians', '', '', '', ''),
	('232426543', 'Rabe', 'Pranz Nicole', 'Cañete', 'Cebu Province', 'Parents/Guardians', '', '', '', ''),
	('232082220', 'Mahinay', 'Francis Kyle', 'Gines', 'Cebu Province', 'Parents/Guardians', '', '', '', ''),
	('232357568', 'Elorde', 'Earl Jhon Kenneth', 'Sorondo', 'Cebu City', 'Parents/Guardians', '', '', '', ''),
	('230514783', 'Cordero', 'Camila Rose', 'Adlawan', 'Cebu City', 'Me', 'Private Work', 'Social Media Manager', 'Yes', '8,000 to 10,000'),
	('232517769', 'Macopia', 'Gerad Emeka', 'Tamarra', 'Cebu City', 'Parents/Guardians', '', '', '', ''),
	('232013950', 'Lapiz', 'Ailyn', 'Canoy ', 'Cebu City', 'Parents/Guardians', '', '', '', ''),
	('231962676', 'Capuras', 'John Miklos', 'Mendez', 'Cebu Province', 'Parents/Guardians', '', '', '', ''),
	('232635609', 'cabahug', 'clarence', 'N/A', 'Cebu Province', 'Parents/Guardians', '', '', '', ''),
	('218410880', 'Taray', 'Julius Andre', 'Mabala', 'Cebu Province', 'Parents/Guardians', '', '', '', ''),
	('230761533', 'Capanpan ', 'Nicolyn ', 'Tampus', 'Cebu City', 'Parents/Guardians', '', '', '', ''),
	('230246135', 'Labaya ', 'Godwin ', 'Monteverde ', 'Cebu City', 'Parents/Guardians', '', '', '', ''),
	('232684947', 'Aligato', 'Zander', 'Navarro', 'Cebu City', 'Parents/Guardians', '', '', '', ''),
	('230330749', 'Nuevas', 'Josh Anton', 'Kanen', 'Cebu City', 'Parents/Guardians', '', '', '', ''),
	('230112653', 'Saligue', 'Kean Maverick', 'Wabina', 'Cebu City', 'Parents/Guardians', '', '', '', ''),
	('230851107', 'Masendo', 'Lyndon', 'V.', 'Cebu City', 'Parents/Guardians', '', '', '', ''),
	('231486900', 'Mayuela', 'Judd Kristoffer', 'N/A', 'Cebu Province', 'Parents/Guardians', '', '', '', ''),
	('230267319', 'Pangilinan', 'Vein Carmell', 'Golo', 'Cebu City', 'Parents/Guardians', '', '', '', ''),
	('230837809', 'Maldo', 'Nicco Victor', 'Pesa', 'Cebu City', 'Parents/Guardians', '', '', '', ''),
	('230057927', 'Rellon', 'Elijah Thomas', 'N.', 'Cebu Province', 'Parents/Guardians', '', '', '', ''),
	('230641447', 'Dibdib', 'Wayne Kenji', 'Bajarias ', 'Cebu Province', 'Parents/Guardians', '', '', '', ''),
	('234686868', 'Mantilla', 'Jhondy', 'Dain', 'Cebu City', 'Parents/Guardians', '', '', '', ''),
	('230711470', 'Maestrado', 'Ralph Keane', 'Abaniel ', 'Cebu Province', 'Parents/Guardians', '', '', '', ''),
	('231151936', 'Larida', 'Mary Maebelle ', 'Alisoso', 'Cebu Province', 'Parents/Guardians', '', '', '', ''),
	('230866858', 'Jaducana', 'Richelle', 'Bañaga', 'Cebu Province', 'Parents/Guardians', '', '', '', ''),
	('230716981', 'Coritico', 'Samantha Zhyre', 'Corciega', 'Cebu City', 'Parents/Guardians', '', '', '', ''),
	('230706415', 'Yray', 'Philbert', 'n/a', 'Cebu City', 'Parents/Guardians', '', '', '', ''),
	('237074895', 'Anova', 'Ruben Carlo Alessandri', 'Modina', 'Cebu City', 'Parents/Guardians', '', '', '', ''),
	('230100845', 'Cauban', 'John Andrew', 'Juanico', 'Cebu City', 'Parents/Guardians', '', '', '', ''),
	('231009711', 'Macansantos', 'Axcelson', 'Odchigue', 'Cebu Province', 'Parents/Guardians', '', '', '', ''),
	('230695527', 'Ruperez ', 'Raymart ', 'Naparate', 'Cebu Province', 'Parents/Guardians', '', '', '', ''),
	('231213960', 'Ursulo', 'Lichael Yashua', 'Escala', 'Cebu City', 'Parents/Guardians', '', '', '', ''),
	('231010477', 'Banico', 'Joseph James', 'Tabanao', 'Cebu Province', 'Parents/Guardians', '', '', '', ''),
	('230076146', 'Buot', 'Leslee Jezzel', 'Largo', 'Cebu City', 'Parents/Guardians', '', '', '', ''),
	('230529787', 'Benolirao ', 'Clyde ', 'Cabaluna ', 'Cebu Province', 'Parents/Guardians', '', '', '', ''),
	('230185503', 'Cahiyang', 'Gabriel', 'Barquio', 'Cebu City', 'Parents/Guardians', '', '', '', ''),
	('231315571', 'Cabasag', 'Ma. Melessa', 'Villas', 'Cebu Province', 'Parents/Guardians', '', '', '', ''),
	('230225681', 'Caones', 'Lerah', 'Arpon', 'Cebu City', 'Parents/Guardians', '', '', '', ''),
	('230345916', 'Libato', 'Michael Grant', 'Saldon', 'Cebu City', 'Parents/Guardians', '', '', '', ''),
	('230952972', 'Salonga', 'Andre', 'Devero', 'Cebu Province', 'Parents/Guardians', '', '', '', ''),
	('230197396', 'Gaviola', 'John Michael ', 'Rosellosa', 'Cebu City', 'Parents/Guardians', '', '', '', ''),
	('231121678', 'Apor', 'Ken Ferry Louie', 'Avenido', 'Cebu Province', 'Parents/Guardians', '', '', '', ''),
	('201040027', 'Abadinas', 'Treasure Louise ', 'Soberano', 'Cebu City', 'Parents/Guardians', '', '', '', ''),
	('231156855', 'Alia', 'Myron Deandre', 'Gallardo', 'Cebu City', 'Parents/Guardians', '', '', '', ''),
	('233773764', 'Barcenas', 'Jon Vic', 'Torres', 'Cebu City', 'Parents/Guardians', '', '', '', ''),
	('230209694', 'Dabalos', 'Erica', 'Y.', 'Cebu Province', 'Parents/Guardians', '', '', '', ''),
	('207631433', 'Cenas', 'Cassius', 'Layan', 'Cebu Province', 'Me', 'Private Work', 'Online reseller', 'No', 'less than 5,000'),
	('231889639', 'Dabon', 'Kenn Xavier', 'Cabonilas', 'Cebu Province', 'Parents/Guardians', '', '', '', ''),
	('230801572', 'Igonia', 'Ashley', '-', 'Cebu City', 'Parents/Guardians', '', '', '', ''),
	('236163279', 'Bigtasin', 'Van Andrae', 'Palmares', 'Cebu Province', 'Parents/Guardians', '', '', '', ''),
	('236693453', 'Riambon', 'Regy', 'Catay', 'Cebu City', 'Parents/Guardians', '', '', '', ''),
	('233529427', 'Larita', 'Franzlee', 'Monreal', 'Cebu Province', 'Parents/Guardians', '', '', '', ''),
	('236345966', 'Baril', 'Joygen', 'Bantay', 'Cebu City', 'Parents/Guardians', '', '', '', ''),
	('236684160', 'Amoguis', 'Philma Jenica', 'Bustamante', 'Cebu City', 'Parents/Guardians', '', '', '', ''),
	('236492687', 'Bebita', 'Kent Michael', 'Estrella', 'Cebu City', 'Parents/Guardians', '', '', '', ''),
	('230148359', 'Tabanas', 'Prince Daniel', 'Rejano', 'Cebu City', 'Parents/Guardians', '', '', '', ''),
	('236786523', 'Delos Reyes', 'Karl Christian', 'Oralde', 'Cebu City', 'Parents/Guardians', '', '', '', ''),
	('232220418', 'Soco', 'Kurt ', 'Kabalican', 'Cebu City', 'Parents/Guardians', '', '', '', ''),
	('236379922', 'Baculi', 'Mieann', 'Malaga ', 'Cebu City', 'Parents/Guardians', '', '', '', ''),
	('213398579', 'Briz', 'Danniel Roque', 'Tuñacao', 'Cebu Province', 'Parents/Guardians', '', '', '', ''),
	('236061203', 'Baul', ' Elan Sheremak', 'Dael', 'Outside Cebu', 'Parents/Guardians', '', '', '', ''),
	('234200947', 'Soten', 'Emelhie', 'Yfanto', 'Cebu City', 'Parents/Guardians', '', '', '', ''),
	('236700709', 'Najarro', 'Monica', 'Ancajas', 'Cebu City', 'Parents/Guardians', '', '', '', ''),
	('236586877', 'Francisco', 'Shalaica ', 'Vargas', 'Cebu Province', 'Parents/Guardians', '', '', '', ''),
	('236808546', 'Rubio', 'Jecie Jade', 'B.', 'Cebu Province', 'Parents/Guardians', '', '', '', ''),
	('201477175', 'Geraldez', 'Junjie', 'Lapiz', 'Cebu Province', 'Parents/Guardians', '', '', '', ''),
	('236845234', 'Matsuda', 'Joji', 'Oliverio', 'Cebu City', 'Parents/Guardians', '', '', '', ''),
	('236835448', 'Ballener', 'John Mark', 'Delalamon', 'Cebu Province', 'Parents/Guardians', '', '', '', ''),
	('170726103', 'Amad', 'Karylle', 'V.', 'Cebu City', 'Me', 'Private Work', 'Online stuffs but it ended already so basically this is just my savings.', 'No', 'less than 5,000'),
	('233308981', 'Justimbaste', 'Josh', 'Golez', 'Cebu City', 'Parents/Guardians', '', '', '', ''),
	('201140035', 'Abelgas ', 'Francis Carl', 'Dumagan', 'Cebu City', 'Parents/Guardians', '', '', '', ''),
	('214285868', 'Castillo', 'Teodoro Jr.', 'Dinoy', 'Cebu City', 'Parents/Guardians', '', '', '', ''),
	('233163213', 'Secong', 'Marc Benn', 'Bagoyado', 'Cebu City', 'Parents/Guardians', '', '', '', ''),
	('232958771', 'Lagamo', 'Elvin', 'Opalla', 'Outside Cebu', 'Parents/Guardians', '', '', '', ''),
	('212663704', 'Capadngan', 'Bryan Kim', 'Vidad', 'Cebu City', 'Me', 'Private Work', 'BPO/ Call Center agent ', 'No', '10,000 to 15,000'),
	('236562740', 'Ceballos', 'Johnlex', 'Gonzaga', 'Cebu City', 'Parents/Guardians', '', '', '', ''),
	('230170798', 'Loy', 'Andrei Sam', 'Planco', 'Cebu City', 'Parents/Guardians', '', '', '', ''),
	('211874319', 'Bullo', 'Christian Dave', 'Mayol', 'Cebu Province', 'Parents/Guardians', '', '', '', ''),
	('234803498', 'Azcuna', 'Christian Joel', 'De Llanderal', 'Cebu City', 'Parents/Guardians', '', '', '', ''),
	('233174814', 'Estrera', 'Michaela Ma. Alexa', 'Densing', 'Cebu City', 'Parents/Guardians', '', '', '', ''),
	('237098245', 'Maquiling', 'Mary Grace', 'Gorrero', 'Cebu City', 'Parents/Guardians', '', '', '', ''),
	('232708807', 'Mendez', 'Edichar', 'Abreu', 'Cebu Province', 'Parents/Guardians', '', '', '', ''),
	('213920383', 'Sevilla', 'John Emmanuel', 'S.', 'Cebu City', 'Parents/Guardians', '', '', '', ''),
	('233045817', 'Ogang', 'Jorge Martin ', 'Matiga', 'Cebu Province', 'Parents/Guardians', '', '', '', ''),
	('233030981', 'Cortes', 'Isaac Raphael ', 'P.', 'Cebu Province', 'Parents/Guardians', '', '', '', ''),
	('233422570', 'Pacaña', 'Clint', 'n/a', 'Cebu City', 'Parents/Guardians', '', '', '', ''),
	('170440799', 'Catamco', 'Danise Bianca', 'Bulado', 'Cebu City', 'Parents/Guardians', '', '', '', ''),
	('170945255', 'Daclan', 'Rusty Summer', '-', 'Cebu City', 'Parents/Guardians', '', '', '', ''),
	('201140187', 'Galo', 'Margel Destine Krizia ', 'Flaviano', 'Cebu City', 'Parents/Guardians', '', '', '', ''),
	('232073528', 'Lao', 'Hilary Danne', 'Chapa', 'Cebu Province', 'Parents/Guardians', '', '', '', ''),
	('231302875', 'Dela Cruz', 'Rohana Jane', 'Emit', 'Cebu City', 'Parents/Guardians', '', '', '', ''),
	('235403973', 'Dialimas ', 'Nirhven Kyle', 'Cababat ', 'Cebu Province', 'Parents/Guardians', '', '', '', ''),
	('231018639', 'Cortado', 'Reynan', 'Sapilan', 'Cebu Province', 'Parents/Guardians', '', '', '', '');

INSERT INTO Family_Profile(StudentId, MotherOccupation ,FatherOccupation, TotalIncome, TotalSiblings, ParentDependentSiblings, GraduatedSiblings)
VALUES
	('215048994', 'Landlady', 'Grab Rider', '9,100 to 18,200', '1', '2', '0'),
	('231987729', 'Clerk', 'Security Specialist', '63,700 to 109,200', '1', '1', '0'),
	('231165150', 'Item Retailer', 'Accountant', '36,400 to 63,700', '2', '2', '0'),
	('236945985', 'Self-employed', 'Deceased', '36,400 to 63,700', '1', '1', '0'),
	('233109286', 'Supervisor', 'Nautical', '18,200 to 36,400', '1', '1', '0'),
	('170545444', 'Supervisor', 'Supervisor', '18,200 to 36,400', '2', '2', '0'),
	('236892742', 'Housewife', 'Seaman', '18,200 to 36,400', '3', '3', '0'),
	('232648343', 'Sales ', 'Sales', '18,200 to 36,400', '3', '3', '0'),
	('233018809', 'Housewife', 'Driver', '18,200 to 36,400', '3', '0', '3'),
	('231603575', 'Housewife', 'OFW', '63,700 to 109,200', '1', '1', '0'),
	('194004588', 'Housewife', 'Technician', 'Less than 9,100', '4', '2', '2'),
	('232079543', 'Housewife', 'Professor/Instructor/Surveyer', '18,200 to 36,400', '5', '1', '4'),
	('231998921', 'Casino Card Dealer', 'Slot Machine Technician', '18,200 to 36,400', '2', '2', '0'),
	('232217877', 'Sari Sari Store Owner', 'Brgy. Councilor', '9,100 to 18,200', '7', '3', '5'),
	('231754768', 'Housewife', 'Businessman', '36,400 to 63,700', '1', '1', '0'),
	('232772181', 'Finance Officer', 'Solutions Architect', '109,200 to 182,000', '5', '5', '0'),
	('232753290', 'Finance Officer', 'IT Manager', '63,700 to 109,200', '3', '3', '0'),
	('231479398', 'Businesswoman', 'Businessman', 'Above 182,000', '4', '1', '3'),
	('233280395', 'HR Officer', 'N/A', '9,100 to 18,200', '1', '1', '0'),
	('232076731', 'Small Business Owner', 'N/A', '18,200 to 36,400', '5', '0', '5'),
	('232159735', 'Housewife', 'Office Supervisor/Manager', '36,400 to 63,700', '3', '3', '0'),
	('201843115', 'N/A', 'N/A', '63,700 to 109,200', '9', '1', '5'),
	('233217874', 'Housewife', 'Tricycle Driver', 'Less than 9,100', '1', '1', '0'),
	('232851520', 'Food Vendor', 'Carpenter', 'Less than 9,100', '1', '0', '0'),
	('232297300', 'Housewife', 'N/A', '9,100 to 18,200', '2', '1', '1'),
	('233047534', 'Housewife', 'Government Employee', '63,700 to 109,200', '3', '3', '0'),
	('183084285', 'Housewife', 'Software Engineer', '63,700 to 109,200', '1', '1', '0'),
	('232691735', 'Housewife', 'Supervisor', '18,200 to 36,400', '2', '1', '1'),
	('236451315', 'Businesswoman', 'Accountant', '63,700 to 109,200', '3', '2', '0'),
	('235199828', 'BHW', 'Carpenter', 'Less than 9,100', '1', '1', '1'),
	('235762459', 'Teacher', 'Unemployed', '18,200 to 36,400', '4', '4', '0'),
	('235669609', 'N/A', 'N/A', '36,400 to 63,700', '1', '1', '1'),
	('195529442', 'Housewife', 'Architect', 'Above 182,000', '3', '2', '1'),
	('233917543', 'Teacher', 'N/A', '109,200 to 182,000', '6', '2', '3'),
	('234383545', 'Admnistrative Assistant V', 'N/A', '9,100 to 18,200', '2', '2', '0'),
	('215714872', 'N/A', 'Engineer', '63,700 to 109,200', '4', '0', '3'),
	('234601608', 'HR Manager', 'N/A', '36,400 to 63,700', '3', '2', '1'),
	('233952209', 'Online seller', 'Engineer', '63,700 to 109,200', '2', '2', '0'),
	('232416830', 'Housewife', 'Deceased', '18,200 to 36,400', '2', '1', '1'),
	('201140024', 'OFW', 'QA Asst. Manager', '63,700 to 109,200', '1', '1', '0'),
	('234184587', 'Teacher', 'Self-employed', '36,400 to 63,700', '2', '1', '1'),
	('130498411', 'N/A', 'N/A', 'Above 182,000', '3', '3', '0'),
	('233570713', 'CSR', 'Welder', '36,400 to 63,700', '5', '5', '0'),
	('233389370', 'Teacher', 'OFW', '63,700 to 109,200', '2', '2', '0'),
	('233693138', 'Housewife', 'Farmer', '18,200 to 36,400', '6', '4', '2'),
	('201140029', 'Hotel receptionist ', 'N/A', '9,100 to 18,200', '1', '1', '0'),
	('225330924', 'Housewife', 'Watch Fixing', '9,100 to 18,200', '2', '2', '0'),
	('234739174', 'Employee', 'Business Owner', '63,700 to 109,200', '1', '1', '0'),
	('234205826', 'Housewife', 'Electrical Engineer', '18,200 to 36,400', '2', '2', '0'),
	('234515683', 'Client manager', 'N/A', '109,200 to 182,000', '3', '2', '1'),
	('233429486', 'Call center agent', 'N/A', '36,400 to 63,700', '4', '3', '1'),
	('234496954', 'Housewife', 'Farmer', 'Above 182,000', '3', '3', '0'),
	('233855504', 'Housewife', 'Finance Officer', '9,100 to 18,200', '2', '1', '1'),
	('234078311', 'MLhuillier Branch Manager', 'Architect', '63,700 to 109,200', '3', '1', '2'),
	('222097673', 'Government Employee', 'Government Employee', '109,200 to 182,000', '2', '2', '0'),
	('212600934', 'Teacher', 'Seaman', '63,700 to 109,200', '2', '2', '0'),
	('213082308', 'Caretaker', 'OFW', '9,100 to 18,200', '2', '2', '0'),
	('211224254', 'Teacher', 'Seaman', '63,700 to 109,200', '3', '1', '1'),
	('230527402', 'N/A', 'Driver', 'Less than 9,100', '3', '2', '0'),
	('231160434', 'Meat Vendor', 'Meat Vendor', '9,100 to 18,200', '3', '2', '1'),
	('234188468', 'Housewife', 'Deceased', '36,400 to 63,700', '4', '1', '3'),
	('231957693', 'Businesswoman', 'Seaman', '63,700 to 109,200', '3', '2', '1'),
	('231597784', 'Optometry', 'N/A', '36,400 to 63,700', '2', '2', '0'),
	('231648595', 'Real estate agent', 'Seaman', 'Above 182,000', '3', '3', '0'),
	('235711257', 'N/A', 'Heavy equipment operator ', '9,100 to 18,200', '5', '4', '1'),
	('232290733', 'N/A', 'N/A', 'Less than 9,100', '3', '1', '2'),
	('231982527', 'BHW', 'Deceased', '9,100 to 18,200', '7', '1', '6'),
	('232442334', 'Housewife', 'Labor', 'Less than 9,100', '5', '4', '1'),
	('234358139', 'Housewife', 'Driver', '36,400 to 63,700', '3', '2', '1'),
	('200140043', 'Pharmacist', 'Anesthesiologist', '18,200 to 36,400', '4', '2', '2'),
	('235102415', 'Housewife', 'Driver', 'Less than 9,100', '11', '3', '4'),
	('170338635', 'Housewife', 'Unemployed', '9,100 to 18,200', '5', '1', '3'),
	('120470443', 'Secretary', 'N/A', '18,200 to 36,400', '1', '1', '0'),
	('232302526', 'Casino Agent', 'Gym instructor', '18,200 to 36,400', '2', '2', '0'),
	('231924354', 'Housewife', 'Workforce Manager', '109,200 to 182,000', '4', '4', '0'),
	('207429858', 'Teacher', 'N/A', '18,200 to 36,400', '4', '2', '1'),
	('232047462', 'Barangay treasurer', 'Industrial painter', '36,400 to 63,700', '2', '2', '0'),
	('231805297', 'Unemployed', 'Seaman', 'Above 182,000', '2', '2', '0'),
	('231795734', 'Store Owner', 'Industrial Technician', '36,400 to 63,700', '2', '2', '0'),
	('233757111', 'Accounting Clerk', 'Deceased', '9,100 to 18,200', '4', '3', '1'),
	('235442132', 'Housewife', 'Seaman', '9,100 to 18,200', '3', '1', '2'),
	('235852966', 'N/A', 'N/A', 'Less than 9,100', '4', '4', '0'),
	('2017011848', 'N/A', 'Businessman', '36,400 to 63,700', '2', '1', '1'),
	('235952883', 'N/A', 'Seaman', '36,400 to 63,700', '3', '3', '0'),
	('231925986', 'OFW', 'House Husband', '36,400 to 63,700', '2', '2', '0'),
	('232250144', 'Employee', 'Teacher', '63,700 to 109,200', '1', '1', '0'),
	('231934189', 'Vendor', 'Unemployed', 'Less than 9,100', '3', '1', '2'),
	('232256994', 'Secretary', 'Fireman', '18,200 to 36,400', '2', '1', '0'),
	('232081111', 'Housewife', 'Salesman', '9,100 to 18,200', '4', '2', '2'),
	('232426543', 'N/A', 'Military', '18,200 to 36,400', '4', '1', '3'),
	('232082220', 'Teacher', 'Businessman', '36,400 to 63,700', '2', '1', '0'),
	('232357568', 'Housewife', 'OFW', 'Above 182,000', '2', '2', '0'),
	('230514783', 'Baby Sitter', 'N/A', '9,100 to 18,200', '3', '1', '0'),
	('232517769', 'Teacher', 'Seaman', '63,700 to 109,200', '2', '2', '2'),
	('232013950', 'Hairdresser ', 'Driver', '9,100 to 18,200', '4', '3', '0'),
	('231962676', 'Housewife', 'Mechanic', 'Less than 9,100', '2', '2', '0'),
	('232635609', 'Hotel Receptionist', 'N/A', '36,400 to 63,700', '4', '4', '0'),
	('218410880', 'OFW', 'Unemployed', 'Above 182,000', '1', '1', '0'),
	('230761533', 'Own''s a store', 'N/A', 'Less than 9,100', '1', '1', '0'),
	('230246135', 'Housewife', 'Real estate agent ', 'Less than 9,100', '2', '1', '1'),
	('232684947', 'Government Employee', 'Unemployed', '18,200 to 36,400', '3', '2', '1'),
	('230330749', 'IT Professor', 'I.T. Officer', '109,200 to 182,000', '2', '2', '0'),
	('230112653', 'Housewife', 'Seaman', '109,200 to 182,000', '3', '2', '1'),
	('230851107', 'Housewife', 'Driver', '18,200 to 36,400', '1', '1', '0'),
	('231486900', 'Sari Sari Store Owner', 'N/A', '9,100 to 18,200', '1', '1', '0'),
	('230267319', 'Government Employee', 'Government Employee', '18,200 to 36,400', '3', '1', '2'),
	('230837809', 'Teacher', 'Teacher', '18,200 to 36,400', '2', '2', '0'),
	('230057927', 'Employee', 'Employee', '18,200 to 36,400', '1', '1', '0'),
	('230641447', 'Teacher', 'Businessman', '18,200 to 36,400', '4', '2', '2'),
	('234686868', 'Boardmember', 'OFW', '36,400 to 63,700', '2', '2', '0'),
	('230711470', 'Housewife', 'OFW', '109,200 to 182,000', '2', '2', '0'),
	('231151936', 'Food Vendor', 'Delivery Man', '63,700 to 109,200', '4', '4', '0'),
	('230866858', 'Nail Technician', 'N/A', '9,100 to 18,200', '3', '0', '2'),
	('230716981', 'CNA', 'Driver', '63,700 to 109,200', '1', '1', '0'),
	('230706415', 'Call Center Agent', 'N/A', 'Less than 9,100', '8', '7', '0'),
	('237074895', 'Housewife', 'Hotel Manager', '36,400 to 63,700', '2', '2', '0'),
	('230100845', 'Housewife', 'Driver', '18,200 to 36,400', '2', '2', '0'),
	('231009711', 'Sales Accountant', 'Sales Executive', '36,400 to 63,700', '2', '2', '0'),
	('230695527', 'Factory worker', 'Factory worker ', '36,400 to 63,700', '4', '4', '0'),
	('231213960', 'Corporate Secretary', 'N/A', '18,200 to 36,400', '3', '2', '1'),
	('231010477', 'Housewife', 'OFW', 'Above 182,000', '5', '5', '0'),
	('230076146', 'Housewife', 'Office clerk', '18,200 to 36,400', '3', '3', '0'),
	('230529787', 'Housewife', 'Fisher ', 'Less than 9,100', '1', '1', '0'),
	('230185503', 'School registrar ', 'Supervisor', '63,700 to 109,200', '4', '4', '0'),
	('231315571', 'Self-employed', 'N/A', 'Above 182,000', '5', '2', '3'),
	('230225681', 'N/A', 'Government Employee', '18,200 to 36,400', '3', '1', '2'),
	('230345916', 'Teacher', 'Seaman', 'Above 182,000', '3', '2', '1'),
	('230952972', 'Housewife', 'Seaman', '109,200 to 182,000', '2', '2', '0'),
	('230197396', 'Weigher', 'N/A', '18,200 to 36,400', '3', '1', '2'),
	('231121678', 'Housewife', 'Driver', 'Less than 9,100', '1', '1', '0'),
	('201040027', 'Professor ', 'N/A', '36,400 to 63,700', '3', '2', '1'),
	('231156855', 'Government Employee', 'Army', '63,700 to 109,200', '3', '3', '0'),
	('233773764', 'N/A', 'Security Guard', '36,400 to 63,700', '6', '2', '2'),
	('230209694', 'Housewife', 'Foreman', '36,400 to 63,700', '2', '2', '0'),
	('207631433', 'Engineer', 'Engineer', '18,200 to 36,400', '3', '2', '1'),
	('231889639', 'Housewife', 'QC Manager', '36,400 to 63,700', '2', '2', '0'),
	('230801572', 'N/A', 'Deceased', '36,400 to 63,700', '4', '4', '0'),
	('236163279', 'N/A', 'Operator', '9,100 to 18,200', '2', '1', '1'),
	('236693453', 'N/A', 'N/A', 'Less than 9,100', '21', '1', '1'),
	('233529427', 'N/A', 'N/A', 'Less than 9,100', '1', '0', '0'),
	('236345966', 'Housewife', 'Driver', 'Less than 9,100', '2', '2', '0'),
	('236684160', 'Teacher', 'Teacher', 'Above 182,000', '4', '4', '0'),
	('236492687', 'Supervisor', 'Businessman', 'Less than 9,100', '1', '0', '0'),
	('230148359', 'Saleslady', 'Warehouse Manager', '9,100 to 18,200', '3', '3', '0'),
	('236786523', 'Unemployed', 'Seaman', '36,400 to 63,700', '1', '1', '0'),
	('232220418', 'Vendor', 'N/A', '9,100 to 18,200', '1', '1', '0'),
	('236379922', 'N/A', 'N/A', 'Less than 9,100', '5', '4', '0'),
	('213398579', 'Radiologist', 'IT Manager', '63,700 to 109,200', '1', '0', '0'),
	('236061203', 'Teacher', 'Civil Engineer', '18,200 to 36,400', '3', '1', '2'),
	('234200947', 'Job Order ', 'N/A', '9,100 to 18,200', '4', '2', '2'),
	('236700709', 'Housewife', 'Government Employee', '18,200 to 36,400', '2', '1', '1'),
	('236586877', 'Housewife', 'Engineer', '18,200 to 36,400', '1', '0', '0'),
	('236808546', 'Businesswoman', 'Businessman', '36,400 to 63,700', '3', '3', '1'),
	('201477175', 'Housewife', 'Driver', 'Less than 9,100', '6', '2', '2'),
	('236845234', 'Worker', 'N/A', '18,200 to 36,400', '3', '0', '1'),
	('236835448', 'Housewife', 'Casino Gaming Staff', '63,700 to 109,200', '1', '0', '0'),
	('170726103', 'Government Employee', 'Government Employee', '18,200 to 36,400', '2', '0', '0'),
	('233308981', 'Head Chef', 'N/A', 'Less than 9,100', '3', '2', '1'),
	('201140035', 'Teacher', 'Deceased', '36,400 to 63,700', '2', '1', '1'),
	('214285868', 'Midwife', 'Unemployed', '36,400 to 63,700', '2', '1', '1'),
	('233163213', 'N/A', 'N/A', '36,400 to 63,700', '2', '1', '1'),
	('232958771', 'Teacher', 'Caregiver', '63,700 to 109,200', '3', '3', '0'),
	('212663704', 'Housewife', 'Driver', '9,100 to 18,200', '5', '3', '1'),
	('236562740', 'Housewife', 'N/A', 'Less than 9,100', '6', '3', '2'),
	('230170798', 'Teacher', 'N/A', '9,100 to 18,200', '3', '2', '0'),
	('211874319', 'Housewife', 'Seaman', '109,200 to 182,000', '2', '2', '2'),
	('234803498', 'Operation''s Manager', 'N/A', '36,400 to 63,700', '1', '1', '0'),
	('233174814', 'Office worker', 'Small Business Owner', '18,200 to 36,400', '2', '2', '0'),
	('237098245', 'Housewife', 'N/A', 'Less than 9,100', '2', '1', '1'),
	('232708807', 'Housewife', 'Funding', 'Less than 9,100', '3', '3', '0'),
	('213920383', 'Housewife', 'Engineer', '36,400 to 63,700', '2', '2', '0'),
	('233045817', 'Housewife', 'Businessman', '36,400 to 63,700', '2', '1', '1'),
	('233030981', 'Housewife', 'Seaman', 'Above 182,000', '3', '2', '1'),
	('233422570', 'Businesswoman', 'N/A', '18,200 to 36,400', '3', '3', '0'),
	('170440799', 'Housewife', 'Automotive Painter', '36,400 to 63,700', '3', '1', '2'),
	('170945255', 'Free-Lancer', 'Deceased', '36,400 to 63,700', '3', '2', '0'),
	('201140187', 'Housewife', 'IT Support', '18,200 to 36,400', '2', '2', '0'),
	('232073528', 'Housewife', 'Unemployed', 'Less than 9,100', '1', '1', '0'),
	('231302875', 'Housewife', 'Carpenter', 'Less than 9,100', '3', '2', '1'),
	('235403973', 'Dentist ', 'Seaman', '36,400 to 63,700', '3', '3', '0'),
	('231018639', 'Unemployed', 'Mining Operator', '18,200 to 36,400', '3', '1', '2');

INSERT INTO SHS_Information(StudentId,TypeOfSchool, JoinedScienceHigh, 
ScienceHighSchool, SeniorHighSchool, Strand, WithHonors, InTopTen, AcademicRank, 
AcademicExcellenceAward,GradeRangeEnglish, GradeRangeMath, GradeRangeScience, GPA)
VALUES
	('215048994', 'Private', '', '', 'Cebu Institute of Technology-University', 'Science Technology Engineering and Mathematics (STEM)', 'Yes', 'No', '', 'With Honors', '94-96', '94-96', '94-96', '94-96'),--
	('231987729', 'Private', '', '', 'Colegio de la Inmaculada Concepcion - Cebu', 'Science Technology Engineering and Mathematics (STEM)', 'Yes', 'No', '', 'With Honors', '91-93', '91-93', '91-93', '91-93'),--
	('231165150', 'Private', '', '', 'Cebu Roosevelt Memorial Colleges', 'Accountancy Business and Management (ABM)', 'Yes', 'Yes', 'Top 2 to 10', 'With High Honors', '94-96', '97-99', '94-96', '94-96'),--
	('236945985', 'Private', '', '', 'University of Cebu', 'Science Technology Engineering and Mathematics (STEM)', 'No', '', '', '', '91-93', '85-87', '88-90', '91-93'),--
	('233109286', 'Private', '', '', 'PAU Excellencia Global Academy Foundation, Inc.', 'Technical-Vocational-Livelihood (TVL)', 'Yes', 'No', '', 'With Honors', '91-93', '88-90', '91-93', '94-96'),--
	('170545444', 'Private', '', '', 'Cebu Institute of Technology-University', 'Science Technology Engineering and Mathematics (STEM)', 'Yes', 'No', '', 'With Honors', '91-93', '88-90', '88-90', '91-93'),--
	('236892742', 'Private', '', '', 'La Consolacion College - Liloan', 'Accountancy Business and Management (ABM)', 'No', '', '', '', '85-87', '85-87', '85-87', '<85'),--
	('232648343', 'Private', '', '', 'University of Cebu', 'Technical-Vocational-Livelihood (TVL)', 'Yes', 'Yes', 'Top 2 to 10', 'With High Honors', '94-96', '91-93', '94-96', '94-96'),--
	('233018809', 'Private', '', '', 'Saint Joseph College of Maasin', 'Science Technology Engineering and Mathematics (STEM)', 'Yes', 'Yes', 'Top 2 to 10', 'With High Honors', '94-96', '94-96', '94-96', '94-96'),--
	('231603575', 'Private', '', '', 'University of San Carlos', 'Science Technology Engineering and Mathematics (STEM)', 'Yes', 'No', '', 'With High Honors', '94-96', '94-96', '94-96', '94-96'),--
	('194004588', 'Private', '', '', 'Cebu Institute of Technology-University', 'Science Technology Engineering and Mathematics (STEM)', 'No', '', '', '', '91-93', '88-90', '91-93', '91-93'),--
	('232079543', 'Private', '', '', 'Southwestern University PHINMA', 'Science Technology Engineering and Mathematics (STEM)', 'No', '', '', '', '88-90', '88-90', '88-90', '85-87'),--
	('231998921', 'Public', 'No', '', 'Babag National High School/Senior High School', 'Science Technology Engineering and Mathematics (STEM)', 'Yes', 'No', '', 'With Honors', '91-93', '91-93', '91-93', '91-93'),--
	('232217877', 'Private', '', '', 'Patronage of Mary Development School', 'Science Technology Engineering and Mathematics (STEM)', 'Yes', 'Yes', 'Top 1 (Valedictorian)', 'With High Honors', '97-99', '97-99', '94-96', '97-99'),--
	('231754768', 'Public', 'No', '', 'Don Emilio Canonigo National High School', 'Science Technology Engineering and Mathematics (STEM)', 'Yes', 'No', '', 'With High Honors', '94-96', '94-96', '94-96', '94-96'),--
	('232772181', 'Private', '', '', 'University of San Carlos - North Campus', 'Science Technology Engineering and Mathematics (STEM)', 'No', '', '', '', '91-93', '91-93', '94-96', '91-93'),--
	('232753290', 'Private', '', '', 'St. Scholastica''s Academy - Tabunok', 'Science Technology Engineering and Mathematics (STEM)', 'Yes', 'No', '', 'With Honors', '88-90', '91-93', '88-90', '88-90'),--
	('231479398', 'Public', 'Yes', 'Cebu City National Science High School', '', 'Science Technology Engineering and Mathematics (STEM)', 'Yes', 'No', '', 'With High Honors', '94-96', '94-96', '94-96', '94-96'),--
	('233280395', 'Public', 'Yes', 'Cebu City National Science High School', '', 'Science Technology Engineering and Mathematics (STEM)', 'Yes', 'No', '', 'With High Honors', '97-99', '94-96', '94-96', '97-99'),--
	('232076731', 'Private', '', '', 'Southwestern University PHINMA', 'Science Technology Engineering and Mathematics (STEM)', 'No', '', '', '', '91-93', '94-96', '94-96', '91-93'),--
	('232159735', 'Public', 'Yes', 'Cebu City National Science High School', '', 'Science Technology Engineering and Mathematics (STEM)', 'Yes', 'No', '', 'With High Honors', '94-96', '94-96', '94-96', '94-96'),--
	('201843115', 'Private', '', '', 'Cebu Institute of Technology-University', 'Science Technology Engineering and Mathematics (STEM)', 'No', '', '', '', '88-90', '85-87', '88-90', '85-87'),--
	('233217874', 'Private', '', '', 'San Roque College De Cebu Inc.', 'Science Technology Engineering and Mathematics (STEM)', 'Yes', 'No', '', 'With Honors', '88-90', '88-90', '88-90', '88-90'),--
	('232851520', 'Private', '', '', 'Don Vicente Rama Memorial National High School', 'Science Technology Engineering and Mathematics (STEM)', 'Yes', 'No', '', 'With High Honors', '94-96', '94-96', '94-96', '94-96'),--
	('232297300', 'Private', '', '', 'Claret School of Lamitan', 'Science Technology Engineering and Mathematics (STEM)', 'Yes', 'Yes', 'Top 2 to 10', 'With High Honors', '97-99', '91-93', '94-96', '91-93'),--
	('233047534', 'Private', '', '', 'Don Bosco Technical College - Cebu Inc.', 'Science Technology Engineering and Mathematics (STEM)', 'Yes', 'No', '', 'With Honors', '91-93', '88-90', '91-93', '91-93'),--
	('183084285', 'Private', '', '', 'Cebu Institute of Technology-University', 'Science Technology Engineering and Mathematics (STEM)', 'No', '', '', '', '94-96', '97-99', '88-90', '88-90'),--
	('232691735', 'Private', '', '', 'Southwestern University PHINMA', 'Accountancy Business and Management (ABM)', 'No', '', '', '', '91-93', '88-90', '91-93', '91-93'),--
	('236451315', 'Public', 'No', '', 'Gutalac National High School', 'Technical-Vocational-Livelihood (TVL)', 'No', '', '', '', '88-90', '<85', 'N/A', '85-87'),--
	('235199828', 'Public', 'No', '', 'Vicente Cabahug National High School', 'General Academic Strand (GAS)', 'No', '', '', '', 'N/A', 'N/A', 'N/A', '85-87'),--
	('235762459', 'Public', 'No', '', 'Bitoon National Vocational High School', 'Science Technology Engineering and Mathematics (STEM)', 'Yes', 'No', '', 'With High Honors', '94-96', '94-96', '94-96', '94-96'),--
	('235669609', 'Public', 'No', '', 'Tukuran Technical-Vocational High School', 'Technical-Vocational-Livelihood (TVL)', 'No', '', '', '', '<85', '<85', '<85', '<85'),--
	('195529442', 'Private', '', '', 'Cebu Institute of Technology-University', 'Science Technology Engineering and Mathematics (STEM)', 'No', '', '', '', '91-93', '88-90', '88-90', '88-90'),--
	('233917543', 'Public', 'Yes', 'Cebu City National Science High School', '', 'Science Technology Engineering and Mathematics (STEM)', 'Yes', 'No', '', 'With High Honors', '97-99', '94-96', '97-99', '94-96'),--
	('234383545', 'Public', 'Yes', 'Cebu City National Science High School', '', 'Science Technology Engineering and Mathematics (STEM)', 'Yes', 'No', '', 'With High Honors', '91-93', '94-96', '94-96', '94-96'),--
	('215714872', 'Private', '', '', 'University of Cebu', 'Science Technology Engineering and Mathematics (STEM)', 'No', '', '', '', '94-96', '94-96', '94-96', '91-93'),--
	('234601608', 'Private', '', '', 'University of Cebu', 'Science Technology Engineering and Mathematics (STEM)', 'Yes', 'No', '', 'With High Honors', '94-96', '94-96', '91-93', '94-96'),--
	('233952209', 'Private', '', '', 'Saint Theresa''s College of Cebu', 'Science Technology Engineering and Mathematics (STEM)', 'No', '', '', '', '91-93', '<85', '<85', '88-90'),--
	('232416830', 'Private', '', '', 'Saint Joseph College', 'Science Technology Engineering and Mathematics (STEM)', 'No', '', '', '', '88-90', '88-90', '94-96', '91-93'),--
	('201140024', 'Private', '', '', 'Cebu Institute of Technology-University', 'Science Technology Engineering and Mathematics (STEM)', 'Yes', 'No', '', 'With Honors', '94-96', '91-93', '91-93', '94-96'),--
	('234184587', 'Private', '', '', 'St. Scholastica''s Academy - Tabunok', 'Science Technology Engineering and Mathematics (STEM)', 'Yes', 'No', '', 'With Honors', '91-93', '85-87', '88-90', '91-93'),--
	('130498411', 'Private', '', '', 'Cebu Institute of Technology-University', 'Science Technology Engineering and Mathematics (STEM)', 'Yes', 'No', '', 'With High Honors', '85-87', '88-90', '<85', '85-87'),--
	('233570713', 'Private', '', '', 'La Consolacion College-Liloan', 'Science Technology Engineering and Mathematics (STEM)', 'Yes', 'Yes', 'Top 2 to 10', 'With Honors', '94-96', '91-93', '91-93', '94-96'),--
	('233389370', 'Private', '', '', 'ACLC College of Ormoc', 'Science Technology Engineering and Mathematics (STEM)', 'Yes', 'No', '', 'With High Honors', '97-99', '97-99', '97-99', '97-99'),--
	('233693138', 'Private', '', '', 'Dalaguete National High School ', 'Science Technology Engineering and Mathematics (STEM)', 'Yes', 'No', '', 'With Honors', '94-96', '91-93', '94-96', '94-96'),--
	('201140029', 'Private', '', '', 'Cebu Institute of Technology-University', 'Science Technology Engineering and Mathematics (STEM)', 'Yes', 'No', '', 'With Honors', '94-96', '97-99', '94-96', '94-96'),--
	('225330924', 'Private', '', '', 'Don Bosco Technical College - Cebu', 'Science Technology Engineering and Mathematics (STEM)', 'No', '', '', '', '85-87', '85-87', '85-87', '85-87'),--
	('234739174', 'Private', '', '', 'PAU Excellencia Global Academy Foundation, Inc.', 'Science Technology Engineering and Mathematics (STEM)', 'Yes', 'No', '', 'With High Honors', '94-96', '91-93', '94-96', '94-96'),--
	('234205826', 'Private', '', '', 'De La Salle ASMC', 'Science Technology Engineering and Mathematics (STEM)', 'Yes', 'No', '', 'With Honors', '91-93', '91-93', '91-93', '91-93'),--
	('234515683', 'Private', '', '', 'De La Salle ASMC', 'Science Technology Engineering and Mathematics (STEM)', 'Yes', 'No', '', 'With Honors', '88-90', '88-90', '94-96', '91-93'),--
	('233429486', 'Private', '', '', 'Don Bosco Technical College Cebhlu Inc.', 'Science Technology Engineering and Mathematics (STEM)', 'No', '', '', '', '97-99', '<85', '<85', '85-87'),--
	('234496954', 'Private', '', '', 'Colegio de Sto. Tomas - Recoletos', 'Science Technology Engineering and Mathematics (STEM)', 'Yes', 'No', '', 'With High Honors', '94-96', '94-96', '94-96', '94-96'),--
	('233855504', 'Private', '', '', 'University Of Visayas – Pardo Campus', 'Science Technology Engineering and Mathematics (STEM)', 'No', '', '', '', '88-90', '91-93', '88-90', '91-93'),--
	('234078311', 'Private', '', '', 'University of San Jose-Recoletos', 'Science Technology Engineering and Mathematics (STEM)', 'No', '', '', '', '85-87', '<85', '<85', '88-90'),--
	('222097673', 'Private', '', '', 'Cebu Institute of Technology-University', 'Science Technology Engineering and Mathematics (STEM)', 'No', '', '', '', '94-96', '94-96', '94-96', '91-93'),--
	('212600934', 'Private', '', '', 'Cebu Institute of Technology-University', 'Science Technology Engineering and Mathematics (STEM)', 'Yes', 'No', '', 'With High Honors', '94-96', '94-96', '94-96', '94-96'),--
	('213082308', 'Private', '', '', 'Cebu Institute of Technology-University', 'Science Technology Engineering and Mathematics (STEM)', 'No', '', '', '', '85-87', '88-90', '85-87', '<85'),--
	('211224254', 'Private', '', '', 'Cebu Institute of Technology-University', 'Science Technology Engineering and Mathematics (STEM)', 'Yes', 'No', '', 'With High Honors', '94-96', '94-96', '94-96', '94-96'),--
	('230527402', 'Public', 'Yes', 'Other National Science High School (example: Mandaue National Science High School, Minglanilla National Science High School, etc.)', 'San Remigio National High School', 'Science Technology Engineering and Mathematics (STEM)', 'Yes', 'No', '', 'With High Honors', '97-99', '91-93', '94-96', '94-96'),--
	('231160434', 'Private', '', '', 'Talisay City National High School', 'Technical-Vocational-Livelihood (TVL)', 'Yes', 'No', '', 'With High Honors', '94-96', '94-96', '94-96', '94-96'),--
	('234188468', 'Public', 'Yes', 'Philippine Science High School', '', 'Science Technology Engineering and Mathematics (STEM)', 'No', '', '', '', '97-99', '94-96', '88-90', '91-93'),--
	('231957693', 'Private', '', '', 'University of San Jose-Recoletos', 'Humanities and Social Sciences (HUMSS)', 'Yes', 'No', '', 'With Honors', '88-90', '88-90', '91-93', '88-90'),--
	('231597784', 'Private', '', '', 'Don Bosco Technical College - Cebu Inc. ', 'Science Technology Engineering and Mathematics (STEM)', 'Yes', 'No', '', 'With Honors', '91-93', 'N/A', 'N/A', '91-93'),--
	('231648595', 'Private', '', '', 'Nissi Academy International', 'Science Technology Engineering and Mathematics (STEM)', 'Yes', 'Yes', 'Top 2 to 10', 'With Honors', '91-93', '91-93', '91-93', '91-93'),--
	('235711257', 'Public', 'No', '', 'Bitoon National Vocational High School ', 'Science Technology Engineering and Mathematics (STEM)', 'Yes', 'No', '', 'With High Honors', '97-99', '97-99', '94-96', '94-96'),--
	('232290733', 'Private', '', '', 'University of Cebu Senior High School - PRI', 'Accountancy Business and Management (ABM)', 'Yes', 'No', '', 'With Highest Honors', '97-99', '97-99', '97-99', '97-99'),--
	('231982527', 'Public', 'No', '', 'Cabonga-an Natinal High School', 'Humanities and Social Sciences (HUMSS)', 'Yes', 'No', '', 'With Honors', '91-93', '91-93', '91-93', '91-93'),--
	('232442334', 'Private', '', '', 'San Juan High School', 'Technical-Vocational-Livelihood (TVL)', 'Yes', 'Yes', 'Top 2 to 10', 'With Highest Honors', '94-96', '91-93', '97-99', '94-96'),--
	('234358139', 'Private', '', '', 'University of Cebu Senior High School - PRI', 'Science Technology Engineering and Mathematics (STEM)', 'Yes', 'No', '', 'With Highest Honors', '94-96', '94-96', '97-99', '97-99'),--
	('200140043', 'Private', '', '', 'Cebu Institute of Technology-University', 'Science Technology Engineering and Mathematics (STEM)', 'Yes', 'No', '', 'With Honors', '91-93', '94-96', '94-96', '94-96'),--
	('235102415', 'Private', '', '', 'Vicente Cabahug National High School', 'General Academic Strand (GAS)', 'No', '', '', '', 'N/A', 'N/A', 'N/A', 'N/A'),--
	('170338635', 'Private', '', '', 'Cebu Institute of Technology-University', 'Science Technology Engineering and Mathematics (STEM)', 'No', '', '', '', '88-90', '85-87', '85-87', '88-90'),--
	('120470443', 'Private', '', '', 'Cebu Institute of Technology-University', 'Accountancy Business and Management (ABM)', 'Yes', 'No', '', 'With Honors', '91-93', '91-93', '88-90', '91-93'),--
	('232302526', 'Private', '', '', 'Asian College of Technology - Bulacao Campus', 'Technical-Vocational-Livelihood (TVL)', 'Yes', 'No', '', 'With Honors', '97-99', 'N/A', 'N/A', '91-93'),--
	('231924354', 'Private', '', '', 'University of Cebu', 'Technical-Vocational-Livelihood (TVL)', 'Yes', 'No', '', 'With High Honors', '94-96', '91-93', '91-93', '94-96'),--
	('207429858', 'Private', '', '', 'Cebu Institute of Technology-University', 'Science Technology Engineering and Mathematics (STEM)', 'No', '', '', '', '91-93', '85-87', '91-93', '88-90'),--
	('232047462', 'Private', '', '', 'Professional Academy of the Philippines﻿', 'General Academic Strand (GAS)', 'No', '', '', '', 'N/A', 'N/A', 'N/A', 'N/A'),--
	('231805297', 'Private', '', '', 'Colegio de la Inmaculada Concepcion - Cebu', 'Science Technology Engineering and Mathematics (STEM)', 'No', '', '', '', '<85', '<85', '88-90', '85-87'),--
	('231795734', 'Public', 'Yes', 'Cebu City National Science High School', '', 'Science Technology Engineering and Mathematics (STEM)', 'Yes', 'No', '', 'With High Honors', '97-99', '94-96', '94-96', '97-99'),--
	('233757111', 'Private', '', '', 'University of Cebu - Private Campus', 'Science Technology Engineering and Mathematics (STEM)', 'Yes', 'No', '', 'With High Honors', '97-99', '97-99', '97-99', '94-96'),--
	('235442132', 'Private', '', '', 'Immaculate Heart of Mary Academy - A.R. of Minglanilla Cebu ', 'Science Technology Engineering and Mathematics (STEM)', 'No', '', '', '', '88-90', '88-90', '88-90', '88-90'),--
	('235852966', 'Public', 'No', '', 'City of Bogo Senior High School', 'Science Technology Engineering and Mathematics (STEM)', 'Yes', 'No', '', 'With Honors', '88-90', '88-90', '88-90', '91-93'),--
	('2017011848', 'Private', '', '', 'University of San Jose-Recoletos', 'Technical-Vocational-Livelihood (TVL)', 'Yes', 'No', '', 'With Honors', '91-93', '91-93', '<85', '91-93'),--
	('235952883', 'Private', '', '', 'Asian Institute of Computer Studies', 'Technical-Vocational-Livelihood (TVL)', 'No', '', '', '', '85-87', '<85', '88-90', '85-87'),--
	('231925986', 'Private', '', '', 'University of Cebu Senior High School - PRI', 'Technical-Vocational-Livelihood (TVL)', 'No', '', '', '', '94-96', 'N/A', 'N/A', '94-96'),--
	('232250144', 'Private', '', '', 'Saint Joseph College', 'Science Technology Engineering and Mathematics (STEM)', 'Yes', 'No', '', 'With Honors', '91-93', '88-90', '88-90', '91-93'),--
	('231934189', 'Private', '', '', 'Immaculate Heart of Mary Academy', 'Science Technology Engineering and Mathematics (STEM)', 'Yes', 'No', '', 'With Honors', '91-93', '97-99', '91-93', '91-93'),--
	('232256994', 'Private', '', '', 'Southwestern University PHINMA', 'Accountancy Business and Management (ABM)', 'No', '', '', '', '88-90', '91-93', '91-93', '91-93'),--
	('232081111', 'Private', '', '', 'PAU Excellencia Global Academy Foundation, Inc.', 'Technical-Vocational-Livelihood (TVL)', 'Yes', 'No', '', 'With High Honors', '97-99', '97-99', '97-99', '94-96'),--
	('232426543', 'Private', '', '', 'Benedicto College', 'Accountancy Business and Management (ABM)', 'Yes', 'No', '', 'With Honors', '91-93', '94-96', '91-93', '91-93'),--
	('232082220', 'Public', 'Yes', 'Other National Science High School (example: Mandaue National Science High School, Minglanilla National Science High School, etc.)', 'Toledo City Science High School', 'Science Technology Engineering and Mathematics (STEM)', 'Yes', 'No', '', 'With Honors', '94-96', '88-90', '91-93', '91-93'),
	('232357568', 'Private', '', '', 'Bohol Wisdom School', 'Science Technology Engineering and Mathematics (STEM)', 'Yes', 'No', '', 'With Honors', '94-96', '91-93', '94-96', '94-96'),--
	('230514783', 'Private', '', '', 'University of Cebu Senior High School - PRI', 'Accountancy Business and Management (ABM)', 'Yes', 'Yes', 'Top 2 to 10', 'With Honors', '94-96', '91-93', '94-96', '94-96'),--
	('232517769', 'Public', 'No', '', 'Ramon Duterte Memorial National High School', 'General Academic Strand (GAS)', 'Yes', 'No', '', 'With Honors', '91-93', '91-93', '85-87', '88-90'),--
	('232013950', 'Private', '', '', 'Asian Institute of Computer Studies ', 'Humanities and Social Sciences (HUMSS)', 'Yes', 'No', '', 'With Honors', 'N/A', 'N/A', 'N/A', '91-93'),--
	('231962676', 'Public', 'No', '', 'Talisay City National High School', 'Accountancy Business and Management (ABM)', 'Yes', 'No', '', 'With Honors', '88-90', '88-90', '88-90', '88-90'),--
	('232635609', 'Private', '', '', 'Manila Science High School', 'Accountancy Business and Management (ABM)', 'Yes', 'Yes', 'Top 2 to 10', 'With High Honors', '91-93', '94-96', '97-99', '94-96'),--
	('218410880', 'Private', '', '', 'Cebu Institute of Technology-University', 'Science Technology Engineering and Mathematics (STEM)', 'No', '', '', '', '85-87', '<85', '88-90', '85-87'),--
	('230761533', 'Private', '', '', 'San Juan National High School', 'Humanities and Social Sciences (HUMSS)', 'Yes', 'No', '', 'With Honors', '91-93', '91-93', '88-90', '91-93'),--
	('230246135', 'Private', '', '', 'Asian College of Technology Bulacao Campus ', 'Science Technology Engineering and Mathematics (STEM)', 'No', '', '', '', '91-93', '94-96', '97-99', '91-93'),--
	('232684947', 'Private', '', '', 'University of San Jose-Recoletos - Balamban Campus', 'Science Technology Engineering and Mathematics (STEM)', 'Yes', 'Yes', 'Top 2 to 10', 'With High Honors', '94-96', '94-96', '94-96', '94-96'),--
	('230330749', 'Private', '', '', 'University of San Carlos', 'Accountancy Business and Management (ABM)', 'Yes', 'No', '', 'With Honors', '94-96', '91-93', '91-93', '91-93'),--
	('230112653', 'Public', 'Yes', 'Other National Science High School (example: Mandaue National Science High School, Minglanilla National Science High School, etc.)', 'Bato School of Fisheries', 'Science Technology Engineering and Mathematics (STEM)', 'Yes', 'No', '', 'With Honors', '94-96', '91-93', '94-96', '91-93'),--
	('230851107', 'Private', '', '', 'Saint Joseph College of Maasin', 'Science Technology Engineering and Mathematics (STEM)', 'Yes', 'No', '', 'With Honors', '88-90', '91-93', '88-90', '91-93'),--
	('231486900', 'Public', 'No', '', 'Talisay City National High School', 'General Academic Strand (GAS)', 'Yes', 'No', '', 'With Honors', '85-87', '85-87', '85-87', '91-93'),--
	('230267319', 'Public', 'No', '', 'Visayas State University Integrated High School', 'Science Technology Engineering and Mathematics (STEM)', 'Yes', 'No', '', 'With High Honors', '97-99', '97-99', '91-93', '97-99'),--
	('230837809', 'Private', '', '', 'Saint Joseph College of Maasin', 'Science Technology Engineering and Mathematics (STEM)', 'No', '', '', '', '88-90', '88-90', '88-90', '88-90'),--
	('230057927', 'Private', '', '', 'St. Catherine''s College', 'Science Technology Engineering and Mathematics (STEM)', 'Yes', 'Yes', 'Top 2 to 10', 'With Honors', '91-93', '88-90', '88-90', '91-93'),--
	('230641447', 'Public', 'No', '', 'Dalaguete National Highschool ', 'Science Technology Engineering and Mathematics (STEM)', 'Yes', 'No', '', 'With Honors', '91-93', '91-93', '91-93', '88-90'),--
	('234686868', 'Private', '', '', 'Saint Joseph College', 'Accountancy Business and Management (ABM)', 'No', '', '', '', '91-93', '88-90', '91-93', '91-93'),--
	('230711470', 'Public', 'Yes', 'Other National Science High School (example: Mandaue National Science High School, Minglanilla National Science High School, etc.)', 'Science and Technology Education Center ', 'Science Technology Engineering and Mathematics (STEM)', 'Yes', 'No', '', 'With Honors', '91-93', '91-93', '91-93', '91-93'),--
	('231151936', 'Public', 'No', '', 'Talisay City National High School ', 'Technical-Vocational-Livelihood (TVL)', 'Yes', 'No', '', 'With Honors', '88-90', 'N/A', 'N/A', '91-93'),--
	('230866858', 'Public', 'No', '', 'Santa Filomena National High School', 'General Academic Strand (GAS)', 'Yes', 'Yes', 'Top 2 to 10', 'With High Honors', '91-93', '91-93', '91-93', '91-93'),--
	('230716981', 'Private', '', '', 'Sacred Heart Academy', 'General Academic Strand (GAS)', 'Yes', 'No', '', 'With Honors', '91-93', '91-93', '91-93', '91-93'),--
	('230706415', 'Private', '', '', 'Concord Technical Institute', 'Science Technology Engineering and Mathematics (STEM)', 'Yes', 'Yes', 'Top 2 to 10', 'With Honors', '94-96', '94-96', '91-93', '91-93'),--
	('237074895', 'Private', '', '', 'Cebu Eastern College', 'Science Technology Engineering and Mathematics (STEM)', 'No', '', '', '', '85-87', '85-87', '85-87', '85-87'),--
	('230100845', 'Public', 'No', '', 'Bato School of Fisheries', 'Science Technology Engineering and Mathematics (STEM)', 'Yes', 'No', '', 'With Honors', '94-96', '91-93', '91-93', '94-96'),--
	('231009711', 'Private', '', '', 'University of Cebu - Banilad Campus', 'Technical-Vocational-Livelihood (TVL)', 'No', '', '', '', '97-99', '91-93', '94-96', '94-96'),--
	('230695527', 'Private', '', '', 'University of Cebu - Banilad Campus', 'Technical-Vocational-Livelihood (TVL)', 'Yes', 'No', '', 'With Honors', '97-99', '91-93', '91-93', '94-96'),--
	('231213960', 'Public', 'No', '', 'Agusan National High School', 'Science Technology Engineering and Mathematics (STEM)', 'Yes', 'No', '', 'With High Honors', '97-99', '88-90', '97-99', '97-99'),--
	('231010477', 'Private', '', '', 'University of Cebu - Banilad Campus', 'Technical-Vocational-Livelihood (TVL)', 'Yes', 'No', '', 'With Honors', '94-96', '91-93', '91-93', '91-93'),--
	('230076146', 'Private', '', '', 'Cebu Eastern College', 'Science Technology Engineering and Mathematics (STEM)', 'Yes', 'No', '', 'With Honors', '88-90', '88-90', '88-90', '88-90'),--
	('230529787', 'Private', '', '', 'Patronage of Mary Development School ', 'Science Technology Engineering and Mathematics (STEM)', 'Yes', 'No', '', 'With Honors', '91-93', '91-93', '94-96', '91-93'),--
	('230185503', 'Private', '', '', 'STI College', 'Technical-Vocational-Livelihood (TVL)', 'Yes', 'Yes', 'Top 2 to 10', 'With High Honors', '94-96', '91-93', '97-99', '94-96'),--
	('231315571', 'Private', '', '', 'University of Cebu - Banilad Campus', 'Technical-Vocational-Livelihood (TVL)', 'Yes', 'No', '', 'With High Honors', '94-96', '91-93', '91-93', '91-93'),--
	('230225681', 'Public', 'No', '', 'Leyte National High School ', 'Humanities and Social Sciences (HUMSS)', 'Yes', 'No', '', 'With Honors', '94-96', '91-93', '94-96', '94-96'),--
	('230345916', 'Private', '', '', 'Andres Bonifacio College', 'Science Technology Engineering and Mathematics (STEM)', 'Yes', 'No', '', 'With Honors', '91-93', '88-90', '91-93', '91-93'),--
	('230952972', 'Private', '', '', 'University of San Carlos', 'Science Technology Engineering and Mathematics (STEM)', 'No', '', '', '', '97-99', '85-87', '88-90', '91-93'),--
	('230197396', 'Public', 'No', '', 'Biliran Province State University', 'Science Technology Engineering and Mathematics (STEM)', 'Yes', 'No', '', 'With Honors', '91-93', '94-96', '91-93', '91-93'),--
	('231121678', 'Private', '', '', 'University of Cebu Lapu-Lapu Mandaue', 'Science Technology Engineering and Mathematics (STEM)', 'Yes', 'Yes', 'Top 2 to 10', 'With Honors', '94-96', '94-96', '94-96', '94-96'),--
	('201040027', 'Private', '', '', 'Cebu Institute of Technology-University', 'Science Technology Engineering and Mathematics (STEM)', 'Yes', 'No', '', 'With Honors', '91-93', '91-93', '91-93', '91-93'),--
	('231156855', 'Public', 'No', '', 'Zamboanga del sur National High School', 'Science Technology Engineering and Mathematics (STEM)', 'Yes', 'No', '', 'With Honors', '91-93', '91-93', '91-93', '91-93'),--
	('233773764', 'Private', '', '', 'PAU Excellencia Global Academy Foundation, Inc.', 'Science Technology Engineering and Mathematics (STEM)', 'Yes', 'No', '', 'With Honors', '94-96', '91-93', '91-93', '91-93'),--
	('230209694', 'Private', '', '', 'Sta. Monica Academy, Pinamungajan Cebu Inc.', 'Science Technology Engineering and Mathematics (STEM)', 'Yes', 'No', '', 'With Honors', '88-90', '91-93', '91-93', '91-93'),--
	('207631433', 'Private', '', '', 'Cebu Institute of Technology-University', 'Science Technology Engineering and Mathematics (STEM)', 'No', '', '', '', '<85', '<85', '<85', '<85'),--
	('231889639', 'Private', '', '', 'Mary Help of Christians School, Cebu', 'Science Technology Engineering and Mathematics (STEM)', 'No', '', '', '', '94-96', '88-90', '88-90', '88-90'),--
	('230801572', 'Private', '', '', 'Asian College of Technology - Bulacao Campus', 'Science Technology Engineering and Mathematics (STEM)', 'No', '', '', '', '85-87', '91-93', '85-87', '91-93'),--
	('236163279', 'Private', '', '', 'De La Salle Andres Soriano Memorial College ', 'Science Technology Engineering and Mathematics (STEM)', 'No', '', '', '', '85-87', '85-87', '85-87', '85-87'),--
	('236693453', 'Private', '', '', 'Saint Anthony''s High School ', 'General Academic Strand (GAS)', 'No', '', '', '', '85-87', '85-87', '88-90', '91-93'),--
	('233529427', 'Public', 'No', '', 'Lawaan 1 National Highschool', 'Technical-Vocational-Livelihood (TVL)', 'No', '', '', '', '85-87', '85-87', '85-87', '88-90'),--
	('236345966', 'Public', 'No', '', 'Don Vecente Rama Memorial Senior High School', 'Technical-Vocational-Livelihood (TVL)', 'Yes', 'No', '', 'With Honors', '<85', '85-87', '<85', '91-93'),--
	('236684160', 'Private', '', '', 'Saint Michael''s School of Padada Inc.', 'General Academic Strand (GAS)', 'No', '', '', '', '85-87', '88-90', '85-87', '88-90'),--
	('236492687', 'Private', '', '', 'Asian College of Technology', 'Technical-Vocational-Livelihood (TVL)', 'No', '', '', '', '91-93', '88-90', '88-90', '91-93'),--
	('230148359', 'Public', 'Yes', 'Other National Science High School (example: Mandaue National Science High School, Minglanilla National Science High School, etc.)', 'Siargao National Science High School', 'Science Technology Engineering and Mathematics (STEM)', 'Yes', 'No', '', 'With Honors', '91-93', '91-93', '91-93', '91-93'),--
	('236786523', 'Public', 'No', '', 'Jose B. Caredenas Memorial High School', 'Humanities and Social Sciences (HUMSS)', 'No', '', '', '', '91-93', '85-87', '85-87', '88-90'),--
	('232220418', 'Private', '', '', 'University of Cebu', 'Technical-Vocational-Livelihood (TVL)', 'No', '', '', '', '94-96', '88-90', '94-96', '91-93'),--
	('236379922', 'Private', '', '', 'Malimono National High School', 'General Academic Strand (GAS)', 'No', '', '', '', '<85', '<85', '<85', '85-87'),
	('213398579', 'Public', 'Yes', 'Other National Science High School (example: Mandaue National Science High School, Minglanilla National Science High School, etc.)', 'Minglanilla Science High School', 'Science Technology Engineering and Mathematics (STEM)', 'No', '', '', '', '94-96', '97-99', '94-96', 'N/A'),--
	('236061203', 'Private', '', '', 'Villaflores College', 'Science Technology Engineering and Mathematics (STEM)', 'Yes', 'No', '', 'With Honors', '88-90', '91-93', '88-90', '88-90'),--
	('234200947', 'Public', 'No', '', 'Vicente B. Cosido Memorial National High School', 'Science Technology Engineering and Mathematics (STEM)', 'Yes', 'Yes', 'Top 2 to 10', 'With High Honors', '94-96', '94-96', '94-96', '94-96'),--
	('236700709', 'Private', '', '', 'University of San Carlos', 'Science Technology Engineering and Mathematics (STEM)', 'No', '', '', '', '91-93', '85-87', '85-87', '85-87'),--
	('236586877', 'Public', 'No', '', 'Bulacao National High School', 'Humanities and Social Sciences (HUMSS)', 'Yes', 'Yes', 'Top 2 to 10', 'With Honors', '85-87', '85-87', '85-87', '85-87'),--
	('236808546', 'Private', '', '', 'Adventist Academy Cebu', 'Accountancy Business and Management (ABM)', 'Yes', 'No', '', 'With Honors', '88-90', '85-87', '85-87', '85-87'),--
	('201477175', 'Public', 'No', '', 'Naga National High School', 'Technical-Vocational-Livelihood (TVL)', 'No', '', '', '', '88-90', '85-87', '88-90', '88-90'),--
	('236845234', 'Private', '', '', 'STI College Ortigas - Cainta', 'Technical-Vocational-Livelihood (TVL)', 'Yes', 'No', '', 'With Honors', '91-93', '94-96', '94-96', '91-93'),--
	('236835448', 'Private', '', '', 'University of San Jose-Recoletos', 'Science Technology Engineering and Mathematics (STEM)', 'No', '', '', '', '91-93', '<85', '<85', '85-87'),--
	('170726103', 'Private', '', '', 'Cebu Institute of Technology-University', 'Accountancy Business and Management (ABM)', 'Yes', 'No', '', 'With Honors', '91-93', '91-93', '94-96', '94-96'),--
	('233308981', 'Private', '', '', 'Kairos Christian Academy, INC', 'General Academic Strand (GAS)', 'No', '', '', '', '91-93', '<85', 'N/A', '85-87'),--
	('201140035', 'Private', '', '', 'Cebu Institute of Technology-University', 'Science Technology Engineering and Mathematics (STEM)', 'Yes', 'No', '', 'With Honors', '91-93', '91-93', '94-96', '94-96'),--
	('214285868', 'Private', '', '', 'Cebu Institute of Technology-University', 'Science Technology Engineering and Mathematics (STEM)', 'No', '', '', '', '91-93', '85-87', '91-93', '91-93'),--
	('233163213', 'Private', '', '', 'Adventist Academy Cebu', 'Science Technology Engineering and Mathematics (STEM)', 'Yes', 'No', '', 'With Honors', '88-90', '88-90', '88-90', '88-90'),--
	('232958771', 'Public', 'No', '', 'Cangawa National High School', 'Humanities and Social Sciences (HUMSS)', 'Yes', 'No', '', 'With Honors', '91-93', '91-93', '91-93', '91-93'),--
	('212663704', 'Private', '', '', 'Southwestern University PHINMA', 'Science Technology Engineering and Mathematics (STEM)', 'No', '', '', '', '85-87', '85-87', '<85', '<85'),--
	('236562740', 'Public', 'No', '', 'Don Sergio OsmeÑa Sr. Memorial National High school', 'Technical-Vocational-Livelihood (TVL)', 'No', '', '', '', '<85', '<85', '<85', '88-90'),--
	('230170798', 'Public', 'Yes', 'Other National Science High School (example: Mandaue National Science High School, Minglanilla National Science High School, etc.)', 'Toledo City Science High School', 'Science Technology Engineering and Mathematics (STEM)', 'Yes', 'Yes', 'Top 2 to 10', 'With High Honors', '91-93', '91-93', '94-96', '94-96'),--
	('211874319', 'Private', '', '', 'Cebu Institute of Technology-University', 'Science Technology Engineering and Mathematics (STEM)', 'No', '', '', '', '88-90', '<85', '85-87', '85-87'),--
	('234803498', 'Private', '', '', 'Mapúa Malayan Colleges Mindanao', 'Technical-Vocational-Livelihood (TVL)', 'No', '', '', '', '94-96', '94-96', '91-93', '94-96'),--
	('233174814', 'Public', 'Yes', 'Cebu City National Science High School', '', 'Science Technology Engineering and Mathematics (STEM)', 'Yes', 'No', '', 'With High Honors', '97-99', '94-96', '94-96', '94-96'),--
	('237098245', 'Private', '', '', 'Colegio de la Inmaculada Concepcion - Cebu', 'Science Technology Engineering and Mathematics (STEM)', 'No', '', '', '', '88-90', '88-90', '88-90', '88-90'),--
	('232708807', 'Private', '', '', 'Patronage of Mary Development School', 'Science Technology Engineering and Mathematics (STEM)', 'No', '', '', '', '85-87', '85-87', '85-87', '<85'),--
	('213920383', 'Private', '', '', 'Cebu Institute of Technology-University', 'Science Technology Engineering and Mathematics (STEM)', 'No', '', '', '', '88-90', '91-93', '85-87', '85-87'),--
	('233045817', 'Private', '', '', 'St. Scholastica''s Academy - Tabunok', 'Science Technology Engineering and Mathematics (STEM)', 'Yes', 'No', '', 'With Honors', '91-93', '94-96', '91-93', '94-96'),--
	('233030981', 'Private', '', '', 'Adventist Academy Cebu', 'Science Technology Engineering and Mathematics (STEM)', 'Yes', 'No', '', 'With Honors', '91-93', '85-87', '88-90', '94-96'),--
	('233422570', 'Private', '', '', 'University of Cebu - METC', 'Science Technology Engineering and Mathematics (STEM)', 'No', '', '', '', '<85', '88-90', '88-90', '88-90'),--
	('170440799', 'Private', '', '', 'Cebu Institute of Technology-University', 'Science Technology Engineering and Mathematics (STEM)', 'Yes', 'No', '', 'With High Honors', '94-96', '91-93', '91-93', '94-96'),--
	('170945255', 'Private', '', '', 'Cebu Institute of Technology-University', 'Science Technology Engineering and Mathematics (STEM)', 'Yes', 'No', '', 'With High Honors', '94-96', '91-93', '91-93', '94-96'),--
	('201140187', 'Private', '', '', 'Cebu Institute of Technology-University', 'Science Technology Engineering and Mathematics (STEM)', 'Yes', 'No', '', 'With High Honors', '94-96', '91-93', '91-93', '94-96'),--
	('232073528', 'Private', '', '', 'University of San Jose-Recoletos', 'Science Technology Engineering and Mathematics (STEM)', 'No', '', '', '', '97-99', '94-96', '94-96', '91-93'),--
	('231302875', 'Public', 'No', '', 'Abellana National School', 'Technical-Vocational-Livelihood (TVL)', 'No', '', '', '', '85-87', '<85', '85-87', 'N/A'),--
	('235403973', 'Private', '', '', 'University Of Visayas – Dalaguete Campus', 'Science Technology Engineering and Mathematics (STEM)', 'No', '', '', '', '94-96', '88-90', 'N/A', 'N/A'),--
	('231018639', 'Private', '', '', 'PAU Excellencia Global Academy Foundation, Inc.', 'Technical-Vocational-Livelihood (TVL)', 'Yes', 'Yes', 'Top 2 to 10', 'With Honors', '91-93', '88-90', '91-93', '91-93');--

INSERT INTO College_Information(StudentId, Course, YearLevel, ProgMidtermGrade, ExpectedProg1Grade, Prog1Professor, ModeOfDelivery, 
HasScholarship, ScholarshipType, HasExperience,ProgrammingLanguages, HasDevice, IsInCebu, CurrentPlace, HasRoom, HasEnoughSpace, 
ModeOfTransportationToSchool, CommuteCountToSchool, CommuteDurationToSchool, ArriveSchoolFeeling, ModeOfTransportationHome, CommuteCountToHome, 
CommuteDurationToHome, ArriveHomeFeeling, PursueCourseReason)

VALUES
	('215048994', 'BS Computer Science', '1st year', '', '', 'Frederick Revilleza', 'Face-to-face', 'Yes', 'CIT-U Academic Scholarship (Senior High School Honor Graduate);', 'No', '', 'Yes', 'Yes', 'Home', 'No', 'No', 'Walk', '', 'Less than 30 minutes', 'Excited and Happy', 'Walk', '', 'Less than 30 minutes', 'Tired and Lazy', 'Since a child, I already have an interest in computer games, websites, and apps and it made me wonder how it works and so my curiousity ended up in me enrolling in Computer Science.'),
	('231987729', 'BS Computer Science', '1st year', '', '', 'Frederick Revilleza', 'Face-to-face', 'No', 'N/A', 'No', '', 'Yes', 'Yes', 'Home', 'Yes', 'Yes', 'Commute(Jeep, Taxi, Angkas, etc.)', '2 rides', 'Less than 30 minutes', 'Tired and Sleepy', 'Commute(Jeep, Taxi, Angkas, etc.)', '2 rides', '30 minutes to 1 hour', 'Relieved and Happy', 'I am influenced because of my family, I''m surrounded by computers and this has helped me decide to pursue CS and I''m also into programming as well.'),
	('231165150', 'BS Computer Science', '1st year', '', '', 'Frederick Revilleza', 'Hybrid', 'No', 'N/A;', 'No', '', 'Yes', 'Yes', 'Boarding House', 'Yes', 'Yes', 'Walk', '', 'Less than 30 minutes', 'Tired and Sleepy', 'Walk', '', 'Less than 30 minutes', 'Dreading Assignments', 'I believed that the future world prefers technology, and I want to appeal to the rising demand. Additionally, I enjoy this activity.'),
	('236945985', 'BS Computer Science', '1st year', '', '', 'Frederick Revilleza', 'Face-to-face', 'No', 'N/A', 'No', '', 'Yes', 'Yes', 'Home', 'Yes', 'Yes', 'Personal(Car, Bike, Motorcycle, etc.)', '', 'Less than 30 minutes', 'Tired and Sleepy', 'Personal(Car, Bike, Motorcycle, etc.)', '', '30 minutes to 1 hour', 'Relieved and Happy', 'BECAUSE I ALWAYS WANTED TO PURSUE CS SINCE I WAS A YOUNG BOY.'),
	('233109286', 'BS Computer Science', '1st year', '', '', 'Frederick Revilleza', 'Face-to-face', 'No', 'N/A;', 'No', '', 'Yes', 'Yes', 'Boarding House', 'Yes', 'No', 'Walk', '', 'Less than 30 minutes', 'Tired and Sleepy', 'Walk', '', 'Less than 30 minutes', 'Dreading Assignments', 'To have a job and get financially stable'),
	('170545444', 'BS Computer Science', '1st year', '', '', 'Frederick Revilleza', 'Face-to-face', 'No', 'N/A', 'No', '', 'Yes', 'Yes', 'Home', 'Yes', 'Yes', 'Walk', '', 'Less than 30 minutes', 'Tired and Sleepy', 'Walk', '', 'Less than 30 minutes', 'Tired and Lazy', 'I really like games and i want to make a game.'),
	('236892742', 'BS Computer Science', '1st year', '', '', 'Frederick Revilleza', 'Face-to-face', 'No', 'Duke Frasco;', 'No', '', 'Yes', 'Yes', 'Home', 'No', 'Yes', 'Commute(Jeep, Taxi, Angkas, etc.)', '2 rides', '1 hour - 2 hours', 'Tired and Sleepy', 'Commute(Jeep, Taxi, Angkas, etc.)', '2 rides', '1 hour - 2 hours', 'Tired and Lazy', 'For good education, teaching, and learning my course.'),
	('232648343', 'BS Computer Science', '1st year', '', '', 'Frederick Revilleza', 'Face-to-face', 'Yes', 'CHED Scholarship;', 'No', '', 'Yes', 'Yes', 'Home', 'Yes', 'Yes', 'Commute(Jeep, Taxi, Angkas, etc.)', '2 rides', '30 minutes to 1 hour', 'Excited and Happy', 'Commute(Jeep, Taxi, Angkas, etc.)', '2 rides', '30 minutes to 1 hour', 'Tired and Lazy', 'Because it has a huge job opportunities'),
	('233018809', 'BS Computer Science', '1st year', '', '', 'Frederick Revilleza', 'Face-to-face', 'Yes', 'CIT-U Academic Scholarship (Senior High School Honor Graduate);', 'No', '', 'Yes', 'Yes', 'Boarding House', 'No', 'Yes', 'Walk', '', 'Less than 30 minutes', 'Tired and Sleepy', 'Walk', '', 'Less than 30 minutes', 'Tired and Lazy', 'I heard that CIT-U is one of the top-performing schools when it comes to computer studies.'),
	('231603575', 'BS Computer Science', '1st year', '', '', 'Frederick Revilleza', 'Face-to-face', 'Yes', 'DOST Scholarship;CIT-U Academic Scholarship (Senior High School Honor Graduate);', 'Yes', 'C#;', 'Yes', 'Yes', 'Home', 'Yes', 'Yes', 'Commute(Jeep, Taxi, Angkas, etc.)', '1 ride', 'Less than 30 minutes', 'Tired and Sleepy', 'Commute(Jeep, Taxi, Angkas, etc.)', '1 ride', 'Less than 30 minutes', 'Dreading Assignments', 'Diverse job opportunities, can work from home'),
	('194004588', 'BS Computer Science', '1st year', '', '', 'Frederick Revilleza', 'Face-to-face', 'No', 'N/A', 'No', '', 'Yes', 'Yes', 'Home', 'Yes', 'Yes', 'Commute(Jeep, Taxi, Angkas, etc.)', '3 rides', '1 hour - 2 hours', 'Tired and Sleepy', 'Commute(Jeep, Taxi, Angkas, etc.)', '3 rides', '3 hours and above', 'Dreading Assignments', 'Aside from the course being flexible. It pays more and my sister and other family members in our family is also in this field of work/studies.'),
	('232079543', 'BS Computer Science', '1st year', '', '', 'Frederick Revilleza', 'Face-to-face', 'No', 'N/A;', 'No', '', 'Yes', 'Yes', 'Home', 'No', 'No', 'Commute(Jeep, Taxi, Angkas, etc.)', '1 ride', 'Less than 30 minutes', 'Tired and Sleepy', 'Walk', '', 'Less than 30 minutes', 'Tired and Lazy', 'I got intrigue in doing by past lessons on programming like html, scratch programming, Visual studio(?), and c++. Though mostly I have forgotten how to do it.'),
	('231998921', 'BS Computer Science', '1st year', '', '', 'Frederick Revilleza', 'Face-to-face', 'No', 'N/A', 'No', '', 'Yes', 'No', 'Home', 'Yes', 'Yes', 'Commute(Jeep, Taxi, Angkas, etc.)', '4 rides and above', '1 hour - 2 hours', 'Tired and Sleepy', 'Commute(Jeep, Taxi, Angkas, etc.)', '3 rides', '1 hour - 2 hours', 'Tired and Lazy', 'because I am interested in programming, since I have no background knowledge about coding, I want to learn them for our prof our from my classmates who have background about coding. It may be hard but we all start at the beginning.'),
	('232217877', 'BS Computer Science', '1st year', '', '', 'Frederick Revilleza', 'Face-to-face', 'Yes', 'DOST Scholarship;', 'No', '', 'Yes', 'Yes', 'Boarding House', 'No', 'No', 'Walk', '', 'Less than 30 minutes', 'Tired and Sleepy', 'Walk', '', 'Less than 30 minutes', 'Dreading Assignments', 'I''ve always wanted to know how people make softwares and mobile applications. I''m interested in gaining a deep knowledge about computers and it is through this course.'),
	('231754768', 'BS Computer Science', '1st year', '', '', 'Frederick Revilleza', 'Face-to-face', 'No', 'N/A;', 'No', '', 'Yes', 'Yes', 'Home', 'Yes', 'Yes', 'Commute(Jeep, Taxi, Angkas, etc.)', '1 ride', '1 hour - 2 hours', 'Tired and Sleepy', 'Commute(Jeep, Taxi, Angkas, etc.)', '1 ride', '1 hour - 2 hours', 'Dreading Assignments', 'Inspired by my brother '),
	('232772181', 'BS Computer Science', '1st year', '', '', 'Frederick Revilleza', 'Face-to-face', 'No', 'N/A', 'Yes', 'Python;Javascript;', 'Yes', 'Yes', 'Home', 'Yes', 'Yes', 'Commute(Jeep, Taxi, Angkas, etc.)', '1 ride', 'Less than 30 minutes', 'Tired and Sleepy', 'Walk', '', 'Less than 30 minutes', 'Relieved and Happy', 'I have always been interested in the field as I grew up being exposed to this environment'),
	('232753290', 'BS Computer Science', '1st year', '', '', 'Frederick Revilleza', 'Hybrid', 'No', 'N/A', 'No', '', 'Yes', 'Yes', 'Home', 'Yes', 'Yes', 'Commute(Jeep, Taxi, Angkas, etc.)', '2 rides', '30 minutes to 1 hour', 'Tired and Sleepy', 'Commute(Jeep, Taxi, Angkas, etc.)', '2 rides', '30 minutes to 1 hour', 'Relieved and Happy', 'Because it is what I am most interested in.'), 
	('231479398', 'BS Computer Science', '1st year', '', '', 'Frederick Revilleza', 'Face-to-face', 'Yes', 'DOST Scholarship;CIT-U Special Academic Scholarship (Cebu City National Science High School Graduates/ Philippine Science High School Graduates);', 'Yes', 'C Language;', 'Yes', 'Yes', 'Home', 'Yes', 'Yes', 'Personal(Car, Bike, Motorcycle, etc.)', '', 'Less than 30 minutes', 'Tired and Sleepy', 'Personal(Car, Bike, Motorcycle, etc.)', '', '1 hour - 2 hours', 'Tired and Lazy', 'Computers were a vital part of my life as i grew up and I grew to love everything about them. It became even more apparent as I played several games to the point that I wanted to create my own and now i''m in CS :)'),
	('233280395', 'BS Computer Science', '1st year', '', '', 'Frederick Revilleza', 'Face-to-face', 'Yes', 'DOST Scholarship;', 'Yes', 'C Language;', 'Yes', 'Yes', 'Home', 'No', 'Yes', 'Walk', '', 'Less than 30 minutes', 'Tired and Sleepy', 'Walk', '', 'Less than 30 minutes', 'Tired and Lazy', 'Because I enjoy coding and dealing with computers.'),
	('232076731', 'BS Computer Science', '1st year', '', '', 'Frederick Revilleza', 'Face-to-face', 'No', 'N/A', 'Yes', 'Pascal and BASIC;', 'Yes', 'No', 'Home', 'No', 'Yes', 'Commute(Jeep, Taxi, Angkas, etc.)', '1 ride', '1 hour - 2 hours', 'Tired and Sleepy', 'Commute(Jeep, Taxi, Angkas, etc.)', '1 ride', '1 hour - 2 hours', 'Tired and Lazy', 'I decided to pursue CS because I really want to create a game someday either individually or with a group. I''m aware I can do this without pursuing CS but I have experienced a bit of coding before and it really became my passion. It has been around 4-5 years since CS became my passion and I believe it will stay that way in the future.'),
	('232159735', 'BS Computer Science', '1st year', '', '', 'Frederick Revilleza', 'Face-to-face', 'Yes', 'DOST Scholarship;', 'Yes', 'C Language;Dart;', 'Yes', 'Yes', 'Home', 'No', 'No', 'Commute(Jeep, Taxi, Angkas, etc.)', '1 ride', 'Less than 30 minutes', 'Excited and Happy', 'Walk', '', '30 minutes to 1 hour', 'Relieved and Happy', 'Because I love working and computers and learning about the mechanisms and theories behind them.'),
	('201843115', 'BS Computer Science', '1st year', '', '', 'Frederick Revilleza', 'Hybrid', 'Yes', 'Cebu City Scholarship;', 'No', '', 'Yes', 'Yes', 'Home', 'Yes', 'Yes', 'Personal(Car, Bike, Motorcycle, etc.)', '', 'Less than 30 minutes', 'Tired and Sleepy', 'Personal(Car, Bike, Motorcycle, etc.)', '', 'Less than 30 minutes', 'Tired and Lazy', 'The reason is that this course doesn''t need a license and don''t need to take board exam that''s why i took this course in order to get a job directly after I graduate (puhon)'),
	('233217874', 'BS Computer Science', '1st year', '', '', 'Frederick Revilleza', 'Face-to-face', 'No', 'N/A', 'No', '', 'Yes', 'Yes', 'Home', 'Yes', 'Yes', 'Personal(Car, Bike, Motorcycle, etc.)', '', '1 hour - 2 hours', 'Tired and Sleepy', 'Commute(Jeep, Taxi, Angkas, etc.)', '3 rides', '3 hours and above', 'Tired and Lazy', 'The reason I pursue a course in CS because of I want to become a full stack web developer someday.'),
	('232851520', 'BS Computer Science', '1st year', '', '', 'Frederick Revilleza', 'Face-to-face', 'Yes', 'Cebu City Scholarship;', 'No', '', 'No', 'Yes', 'Home', 'No', 'No', 'Walk', '', 'Less than 30 minutes', 'Excited and Happy', 'Walk', '', 'Less than 30 minutes', 'Tired and Lazy', 'because I want to learn about technology and it has a lot of job opportunities.'),
	('232297300', 'BS Computer Science', '1st year', '', '', 'Frederick Revilleza', 'Face-to-face', 'Yes', 'CIT-U Academic Scholarship (Senior High School Honor Graduate);', 'No', '', 'Yes', 'Yes', 'Home', 'Yes', 'Yes', 'Commute(Jeep, Taxi, Angkas, etc.)', '1 ride', 'Less than 30 minutes', 'Tired and Sleepy', 'Commute(Jeep, Taxi, Angkas, etc.)', '1 ride', 'Less than 30 minutes', 'Relieved and Happy', 'I was given a chance to change my choices, and I decided to choose CS since I wanted to make my own game ever since I was young. '),
	('233047534', 'BS Computer Science', '1st year', '', '', 'Frederick Revilleza', 'Face-to-face', 'No', 'N/A;', 'Yes', 'HTML, MySql;', 'Yes', 'Yes', 'Home', 'Yes', 'Yes', 'Commute(Jeep, Taxi, Angkas, etc.)', '2 rides', '30 minutes to 1 hour', 'Tired and Sleepy', 'Commute(Jeep, Taxi, Angkas, etc.)', '2 rides', 'Less than 30 minutes', 'Relieved and Happy', 'Because of my hobbies/interest'),
	('183084285', 'BS Computer Science', '1st year', '', '', 'Frederick Revilleza', 'Face-to-face', 'No', '', 'No', '', 'Yes', 'Yes', 'Home', 'No', 'No', 'Commute(Jeep, Taxi, Angkas, etc.)', '1 ride', 'Less than 30 minutes', 'Tired and Sleepy', 'Walk', '', 'Less than 30 minutes', 'Relieved and Happy', 'Because I was influenced by my father. '),
	('232691735', 'BS Computer Science', '1st year', '', '', 'Frederick Revilleza', 'Face-to-face', 'No', 'N/A;', 'No', '', 'Yes', 'Yes', 'Home', 'Yes', 'No', 'Commute(Jeep, Taxi, Angkas, etc.)', '2 rides', '30 minutes to 1 hour', 'Tired and Sleepy', 'Commute(Jeep, Taxi, Angkas, etc.)', '2 rides', '30 minutes to 1 hour', 'Dreading Assignments', 'I pursued computer science because I am interested at how the computer works and I want to make a website that will benefit people for the greater good.'),
	('236451315', 'BS Computer Science', '1st year', '', '', 'Jay Vince D. Serato', 'Face-to-face', 'No', '', 'No', '', 'Yes', 'Yes', 'Boarding House', 'Yes', 'Yes', 'Walk', '', 'Less than 30 minutes', 'Tired and Sleepy', 'Walk', '', 'Less than 30 minutes', 'Tired and Lazy', 'My father and uncle forced and encouraged me.'),
	('235199828', 'BS Information Technology', '1st year', '', '', 'Jay Vince D. Serato', 'Hybrid (Online + Face-to-face)', 'No', '', 'No', '', 'No', 'No', 'Boarding House', 'No', 'No', 'Walk', '', '30 minutes to 1 hour', 'Tired and Sleepy', 'Walk', '', '30 minutes to 1 hour', 'Tired and Lazy', 'Just want to learn more about programming'),
	('235762459', 'BS Computer Science', '1st year', '', '', 'Jay Vince D. Serato', 'Hybrid (Online + Face-to-face)', 'Yes', 'DOST Scholarship;CIT-U Academic Scholarship (Senior High School Honor Graduate);', 'Yes', 'Python;C++;C#;', 'Yes', 'Yes', 'Boarding House', 'No', 'Yes', 'Walk', '', 'Less than 30 minutes', 'Tired and Sleepy', 'Walk', '', 'Less than 30 minutes', 'Tired and Lazy', 'Because in 8th Grade, my uncle, who is only 4 years older, inspired me on taking a course on Computer Studies but when I got a bit of knowledge from programming, I got lazy because I couldn''t make use of the knowledge I had because I don''t know what to do next. So I am back to square one. But I am doing my best to learn and get a freelance job before graduating.'),
	('235669609', 'BS Information Technology', '1st year', '', '', 'Jay Vince D. Serato', 'Face-to-face', 'No', '', 'No', '', 'Yes', 'Yes', 'Home', 'No', 'No', 'Commute(Jeep, Taxi, Angkas, etc.)', '1 ride', 'Less than 30 minutes', 'Excited and Happy', 'Commute(Jeep, Taxi, Angkas, etc.)', '1 ride', 'Less than 30 minutes', 'Relieved and Happy', 'for my father. that''s what he want for me'),
	('195529442', 'BS Information Technology', '2nd year', '3.1', '3.0-3.3', 'Jay Vince D. Serato', 'Face-to-face', 'No', '', 'Yes', 'Python;', 'Yes', 'Yes', 'Home', 'Yes', 'No', 'Commute(Jeep, Taxi, Angkas, etc.)', '1 ride', 'Less than 30 minutes', 'Excited and Happy', 'Commute(Jeep, Taxi, Angkas, etc.)', '1 ride', 'Less than 30 minutes', 'Relieved and Happy', 'I decide to pursue this course because this is not just my dream course but this is the best version of myself to be a good professional programmer and to help the new technology in a future'),
	('233917543', 'BS Computer Science', '1st year', '', '', 'Frederick Revilleza', 'Hybrid (Online + Face-to-face)', 'Yes', 'CIT-U Special Academic Scholarship (Cebu City National Science High School Graduates/ Philippine Science High School Graduates);', 'No', '', 'Yes', 'No', 'Home', 'Yes', 'No', 'Commute(Jeep, Taxi, Angkas, etc.)', '2 rides', '1 hour - 2 hours', 'Tired and Sleepy', 'Commute(Jeep, Taxi, Angkas, etc.)', '2 rides', '1 hour - 2 hours', 'Tired and Lazy', 'Because i was inspired by many computer programmers and it piques my interest knowing how things work in computers'),
	('234383545', 'BS Computer Science', '1st year', '', '', 'Frederick Revilleza', 'Face-to-face', 'Yes', 'DOST Scholarship;CIT-U Special Academic Scholarship (Cebu City National Science High School Graduates/ Philippine Science High School Graduates);', 'Yes', 'C Language;', 'Yes', 'Yes', 'Home', 'No', 'No', 'Commute(Jeep, Taxi, Angkas, etc.)', '1 ride', 'Less than 30 minutes', 'Excited and Happy', 'Commute(Jeep, Taxi, Angkas, etc.)', '1 ride', 'Less than 30 minutes', 'Relieved and Happy', 'Because of friends'),
	('215714872', 'BS Computer Science', '1st year', '', '', 'Frederick Revilleza', 'Face-to-face', 'No', '', 'No', '', 'Yes', 'Yes', 'Home', 'Yes', 'Yes', 'Personal(Car, Bike, Motorcycle, etc.)', '', 'Less than 30 minutes', 'Excited and Happy', 'Personal(Car, Bike, Motorcycle, etc.)', '', 'Less than 30 minutes', 'Relieved and Happy', 'To satisfy my wants'),
	('234601608', 'BS Computer Science', '1st year', '', '', 'Frederick Revilleza', 'Face-to-face', 'Yes', 'CHED Scholarship;', 'No', '', 'Yes', 'Yes', 'Home', 'No', 'No', 'Personal(Car, Bike, Motorcycle, etc.)', '', 'Less than 30 minutes', 'Tired and Sleepy', 'Commute(Jeep, Taxi, Angkas, etc.)', '1 ride', 'Less than 30 minutes', 'Tired and Lazy', 'full of opportunities'),
	('233952209', 'BS Computer Science', '1st year', '', '', 'Frederick Revilleza', 'Hybrid (Online + Face-to-face)', 'No', '', 'No', '', 'Yes', 'Yes', 'Home', 'Yes', 'Yes', 'Personal(Car, Bike, Motorcycle, etc.)', '', '30 minutes to 1 hour', 'Tired and Sleepy', 'Personal(Car, Bike, Motorcycle, etc.)', '', '30 minutes to 1 hour', 'Tired and Lazy', 'I wanted to use CS in starting my future with game development despite having zero knowledge.'),
	('232416830', 'BS Computer Science', '1st year', '', '', 'Frederick Revilleza', 'Face-to-face', 'No', '', 'No', '', 'Yes', 'No', 'Boarding House', 'Yes', 'No', 'Walk', '', 'Less than 30 minutes', 'Tired and Sleepy', 'Walk', '', 'Less than 30 minutes', 'Dreading Assignments', 'It feels like I''m destined to be a programmer '),
	('201140024', 'BS Computer Science', '1st year', '', '', 'Frederick Revilleza', 'Face-to-face', 'Yes', 'CIT-U Academic Scholarship (Senior High School Honor Graduate);', 'No', '', 'Yes', 'Yes', 'Home', 'No', 'No', 'Commute(Jeep, Taxi, Angkas, etc.)', '1 ride', 'Less than 30 minutes', 'Excited and Happy', 'Commute(Jeep, Taxi, Angkas, etc.)', '1 ride', 'Less than 30 minutes', 'Relieved and Happy', 'Because my family has a computer course background.'),
	('234184587', 'BS Computer Science', '1st year', '', '', 'Frederick Revilleza', 'Face-to-face', 'No', '', 'No', '', 'Yes', 'No', 'Home', 'Yes', 'Yes', 'Personal(Car, Bike, Motorcycle, etc.)', '', '30 minutes to 1 hour', 'Tired and Sleepy', 'Personal(Car, Bike, Motorcycle, etc.)', '', '30 minutes to 1 hour', 'Tired and Lazy', 'Because I''m influenced by my friends and family'),
	('130498411', 'BS Computer Science', '1st year', '', '', 'Frederick Revilleza', 'Face-to-face', 'No', '', 'Yes', 'Python;Java;', 'Yes', 'Yes', 'Home', 'Yes', 'Yes', 'Personal(Car, Bike, Motorcycle, etc.)', '', 'Less than 30 minutes', 'Tired and Sleepy', 'Walk', '', 'Less than 30 minutes', 'Tired and Lazy', 'sounds fun to me'),
	('233570713', 'BS Computer Science', '1st year', '', '', 'Frederick Revilleza', 'Face-to-face', 'No', '', 'No', '', 'Yes', 'No', 'Home', 'Yes', 'Yes', 'Commute(Jeep, Taxi, Angkas, etc.)', '2 rides', '1 hour - 2 hours', 'Tired and Sleepy', 'Commute(Jeep, Taxi, Angkas, etc.)', '2 rides', '1 hour - 2 hours', 'Dreading Assignments', 'Because I want to work in an industry where I''m passionate about'),
	('233389370', 'BS Computer Science', '1st year', '', '', 'Frederick Revilleza', 'Face-to-face', 'No', '', 'No', '', 'Yes', 'No', 'Home', 'Yes', 'Yes', 'Commute(Jeep, Taxi, Angkas, etc.)', '2 rides', '1 hour - 2 hours', 'Tired and Sleepy', 'Commute(Jeep, Taxi, Angkas, etc.)', '2 rides', '1 hour - 2 hours', 'Tired and Lazy', 'To become a professional Computer science worker or IT professionals.'),
	('233693138', 'BS Computer Science', '1st year', '', '', 'Frederick Revilleza', 'Face-to-face', 'No', '', 'No', '', 'No', 'Yes', 'Boarding House', 'No', 'No', 'Commute(Jeep, Taxi, Angkas, etc.)', '1 ride', 'Less than 30 minutes', 'Excited and Happy', 'Commute(Jeep, Taxi, Angkas, etc.)', '1 ride', '30 minutes to 1 hour', 'Relieved and Happy', 'Because there are a lot of opportunities in the IT field and CIT is a great school for this course since they are acknowledged through their excellence in the IT field.'),
	('201140029', 'BS Computer Science', '1st year', '', '', 'Frederick Revilleza', 'Face-to-face', 'Yes', 'CIT-U Academic Scholarship (Senior High School Honor Graduate);CHED Scholarship;', 'No', '', 'Yes', 'Yes', 'Home', 'Yes', 'No', 'Walk', '', 'Less than 30 minutes', 'Tired and Sleepy', 'Walk', '', 'Less than 30 minutes', 'Relieved and Happy', 'because I heard it pays well'),
	('225330924', 'BS Information Technology', '1st year', '', '', 'Frederick Revilleza', 'Face-to-face', 'No', '', 'No', '', 'Yes', 'Yes', 'Home', 'Yes', 'No', 'Commute(Jeep, Taxi, Angkas, etc.)', '1 ride', 'Less than 30 minutes', 'Tired and Sleepy', 'Commute(Jeep, Taxi, Angkas, etc.)', '1 ride', '30 minutes to 1 hour', 'Tired and Lazy', 'Because of the demand of workers this field needs.'),
	('234739174', 'BS Computer Science', '1st year', '', '', 'Frederick Revilleza', 'Face-to-face', 'No', '', 'No', '', 'Yes', 'Yes', 'Boarding House', 'No', 'No', 'Commute(Jeep, Taxi, Angkas, etc.)', '2 rides', '30 minutes to 1 hour', 'Excited and Happy', 'Commute(Jeep, Taxi, Angkas, etc.)', '2 rides', '30 minutes to 1 hour', 'Relieved and Happy', 'Because I was interested in the prospect of working in the tech industry with like-minded people.'),
	('234205826', 'BS Computer Science', '1st year', '', '', 'Frederick Revilleza', 'Face-to-face', 'Yes', 'CHED Scholarship;', 'No', '', 'Yes', 'Yes', 'Boarding House', 'No', 'No', 'Walk', '', 'Less than 30 minutes', 'Excited and Happy', 'Walk', '', 'Less than 30 minutes', 'Dreading Assignments', 'I pursued computer science in CITU because of their nice backgraound on this field'),
	('234515683', 'BS Computer Science', '1st year', '', '', 'Frederick Revilleza', 'Face-to-face', 'No', '', 'No', '', 'Yes', 'Yes', 'Rented Condo', 'Yes', 'Yes', 'Personal(Car, Bike, Motorcycle, etc.)', '', 'Less than 30 minutes', 'Tired and Sleepy', 'Commute(Jeep, Taxi, Angkas, etc.)', '2 rides', 'Less than 30 minutes', 'Relieved and Happy', 'Love for technology, money, inspired by IT brother and uncle'),
	('233429486', 'BS Information Technology', '1st year', '', '', 'Frederick Revilleza', 'Face-to-face', 'No', '', 'No', '', 'Yes', 'Yes', 'Home', 'Yes', 'Yes', 'Commute(Jeep, Taxi, Angkas, etc.)', '2 rides', '1 hour - 2 hours', 'Tired and Sleepy', 'Personal(Car, Bike, Motorcycle, etc.)', '', '1 hour - 2 hours', 'Tired and Lazy', 'Because it has a good cs/it program'),
	('234496954', 'BS Computer Science', '1st year', '', '', 'Frederick Revilleza', 'Face-to-face', 'Yes', 'DOST Scholarship;', 'Yes', 'C Language;Java;Python;', 'Yes', 'Yes', 'Boarding House', 'Yes', 'Yes', 'Walk', '', 'Less than 30 minutes', 'Excited and Happy', 'Walk', '', 'Less than 30 minutes', 'Tired and Lazy', 'I have been interested with computers from a very young age and feel that my life''s work is with computers'),
	('233855504', 'BS Computer Science', '1st year', '', '', 'Frederick Revilleza', 'Face-to-face', 'No', '', 'No', '', 'Yes', 'Yes', 'Home', 'Yes', 'Yes', 'Walk', '', 'Less than 30 minutes', 'Excited and Happy', 'Walk', '', 'Less than 30 minutes', 'Dreading Assignments', 'Because i''ve been with computers my whole life so i thought it''ll be fine to know how they work inside out.'),
	('234078311', 'BS Computer Science', '1st year', '', '', 'Frederick Revilleza', 'Face-to-face', 'No', '', 'No', '', 'Yes', 'Yes', 'Home', 'No', 'Yes', 'Commute(Jeep, Taxi, Angkas, etc.)', '1 ride', 'Less than 30 minutes', 'Tired and Sleepy', 'Walk', '', '30 minutes to 1 hour', 'Tired and Lazy', 'I thought that I can understand the development of games here but instead, I learned the fundamentals of computer processing and it helped me understand how to optimize programs for game development.'),
	('222097673', 'BS Computer Science', '1st year', '', '', 'Frederick Revilleza', 'Face-to-face', 'No', '', 'Yes', 'C++;C Language;Python;Java;', 'Yes', 'Yes', 'Home', 'Yes', 'Yes', 'Commute(Jeep, Taxi, Angkas, etc.)', '1 ride', '30 minutes to 1 hour', 'Tired and Sleepy', 'Commute(Jeep, Taxi, Angkas, etc.)', '1 ride', '30 minutes to 1 hour', 'Relieved and Happy', 'easy'),
	('212600934', 'BS Computer Science', '1st year', '', '', 'Frederick Revilleza', 'Face-to-face', 'Yes', 'DOST Scholarship;CIT-U Academic Scholarship (Senior High School Honor Graduate);Alliance Software Inc. Scholarship;', 'No', '', 'Yes', 'No', 'Boarding House', 'Yes', 'Yes', 'Commute(Jeep, Taxi, Angkas, etc.)', '2 rides', '1 hour - 2 hours', 'Tired and Sleepy', 'Commute(Jeep, Taxi, Angkas, etc.)', '2 rides', '1 hour - 2 hours', 'Relieved and Happy', 'To ride the wave of technology.'),
	('213082308', 'BS Computer Science', '1st year', '', '', 'Frederick Revilleza', 'Face-to-face', 'No', '', 'No', '', 'Yes', 'Yes', 'Boarding House', 'Yes', 'Yes', 'Personal(Car, Bike, Motorcycle, etc.)', '', 'Less than 30 minutes', 'Tired and Sleepy', 'Personal(Car, Bike, Motorcycle, etc.)', '', 'Less than 30 minutes', 'Tired and Lazy', 'Because they said computer studies is better in CIT supposedly on USC but CIT is near'),
	('211224254', 'BS Computer Science', '1st year', '', '', 'Frederick Revilleza', 'Face-to-face', 'Yes', 'DOST Scholarship;CIT-U Academic Scholarship (Senior High School Honor Graduate);', 'No', '', 'Yes', 'No', 'Boarding House', 'No', 'No', 'Walk', '', 'Less than 30 minutes', 'Tired and Sleepy', 'Walk', '', 'Less than 30 minutes', 'Relieved and Happy', 'I pursued CS mainly because of its high demand and salary. Other than that, I have quite an interest towards learning more about computers and programming.'),
	('230527402', 'BS Computer Science', '1st year', '', '', 'Frederick Revilleza', 'Face-to-face', 'Yes', 'CHED Scholarship;', 'Yes', 'C Language;', 'No', 'Yes', 'Boarding House', 'No', 'No', 'Commute(Jeep, Taxi, Angkas, etc.)', '1 ride', 'Less than 30 minutes', 'Excited and Happy', 'Commute(Jeep, Taxi, Angkas, etc.)', '1 ride', 'Less than 30 minutes', 'Relieved and Happy', 'Im interested in machine learning and AIs'),
	('231160434', 'BS Information Technology', '1st year', '', '', 'Erica Jean S. Abadinas', 'Face-to-face', 'No', '', 'No', '', 'Yes', 'No', 'Home', 'Yes', 'Yes', 'Commute(Jeep, Taxi, Angkas, etc.)', '2 rides', '30 minutes to 1 hour', 'Excited and Happy', 'Commute(Jeep, Taxi, Angkas, etc.)', '2 rides', '1 hour - 2 hours', 'Tired and Lazy', 'To become succesful and become  better person'),
	('234188468', 'BS Computer Science', '1st year', '', '', 'Frederick Revilleza', 'Face-to-face', 'No', '', 'Yes', 'Java;Python;C++;HTML;', 'Yes', 'Yes', 'Boarding House', 'Yes', 'Yes', 'Walk', '', 'Less than 30 minutes', 'Tired and Sleepy', 'Walk', '', 'Less than 30 minutes', 'Relieved and Happy', 'Because I like gadgets and lived almost all my life with one on vicinity, and also gaming so I decided to pursue programming as I hoped I can create a gadget, or an app, or maybe a game in the future'),
	('231957693', 'BS Information Technology', '1st year', '', '', 'Erica Jean S. Abadinas', 'Face-to-face', 'No', '', 'No', '', 'Yes', 'Yes', 'Home', 'No', 'Yes', 'Commute(Jeep, Taxi, Angkas, etc.)', '1 ride', '1 hour - 2 hours', 'Tired and Sleepy', 'Commute(Jeep, Taxi, Angkas, etc.)', '1 ride', '1 hour - 2 hours', 'Tired and Lazy', 'Due to the demand. Moreover, I am also interested in working with the latest technology and the environment when working is silent '),
	('231597784', 'BS Information Technology', '1st year', '', '', 'Erica Jean S. Abadinas', 'Face-to-face', 'No', '', 'Yes', 'C#;', 'Yes', 'Yes', 'Home', 'Yes', 'No', 'Commute(Jeep, Taxi, Angkas, etc.)', '2 rides', '1 hour - 2 hours', 'Excited and Happy', 'Commute(Jeep, Taxi, Angkas, etc.)', '2 rides', '1 hour - 2 hours', 'Tired and Lazy', 'To improve my programming skills and to become one of the best'),
	('231648595', 'BS Information Technology', '1st year', '', '', 'Erica Jean S. Abadinas', 'Face-to-face', 'No', '', 'Yes', 'Python;', 'Yes', 'Yes', 'Home', 'Yes', 'Yes', 'Commute(Jeep, Taxi, Angkas, etc.)', '3 rides', 'Less than 30 minutes', 'Tired and Sleepy', 'Commute(Jeep, Taxi, Angkas, etc.)', '3 rides', 'Less than 30 minutes', 'Relieved and Happy', 'Because i am always fond in interacting with technology and also want to be a part in even the smallest fraction of innovation in our world'),
	('235711257', 'BS Computer Science', '1st year', '', '', 'Jay Vince D. Serato', 'Face-to-face', 'Yes', 'DOST Scholarship;', 'No', '', 'Yes', 'No', 'Boarding House', 'Yes', 'Yes', 'Walk', '', 'Less than 30 minutes', 'Excited and Happy', 'Walk', '', 'Less than 30 minutes', 'Tired and Lazy', 'Web developer '),
	('232290733', 'BS Information Technology', '1st year', '', '', 'Erica Jean S. Abadinas', 'Face-to-face', 'Yes', 'CHED Scholarship;', 'No', '', 'Yes', 'Yes', 'Home', 'Yes', 'No', 'Personal(Car, Bike, Motorcycle, etc.)', '', 'Less than 30 minutes', 'Tired and Sleepy', 'Personal(Car, Bike, Motorcycle, etc.)', '', 'Less than 30 minutes', 'Dreading Assignments', 'I believe technology dominates our world and it evolves over time. We need to adapt the changes effectively and efficiently. Therefore, pursuing this program will surely help my curiosity in discovering the mystery. '),
	('231982527', 'BS Information Technology', '1st year', '', '', 'Erica Jean S. Abadinas', 'Face-to-face', 'No', '', 'No', '', 'Yes', 'Yes', 'Boarding House', 'Yes', 'Yes', 'Commute(Jeep, Taxi, Angkas, etc.)', '1 ride', 'Less than 30 minutes', 'Excited and Happy', 'Walk', '', 'Less than 30 minutes', 'Tired and Lazy', 'Competitive salary if lucky enough to graduate with enough learning.'),
	('232442334', 'BS Information Technology', '1st year', '', '', 'Erica Jean S. Abadinas', 'Face-to-face', 'No', '', 'No', '', 'Yes', 'No', 'Home', 'Yes', 'Yes', 'Commute(Jeep, Taxi, Angkas, etc.)', '1 ride', '30 minutes to 1 hour', 'Tired and Sleepy', 'Commute(Jeep, Taxi, Angkas, etc.)', '1 ride', '30 minutes to 1 hour', 'Tired and Lazy', 'Because, IT course it''s now demand in this generation or this job future.'),
	('234358139', 'BS Computer Science', '1st year', '', '', 'Frederick Revilleza', 'Hybrid (Online + Face-to-face)', 'Yes', 'DOST Scholarship;', 'No', '', 'Yes', 'Yes', 'Home', 'No', 'Yes', 'Commute(Jeep, Taxi, Angkas, etc.)', '2 rides', '30 minutes to 1 hour', 'Excited and Happy', 'Commute(Jeep, Taxi, Angkas, etc.)', '2 rides', '30 minutes to 1 hour', 'Relieved and Happy', 'I decided to pursue Computer Science because it has a wide application coverage in the technological industry, and I want to experience learning all of them and hopefully find the best application that suits for me.'),
	('200140043', 'BS Computer Science', '1st year', '', '', 'Jay Vince D. Serato', 'Face-to-face', 'Yes', 'DOST Scholarship;CIT-U Academic Scholarship (Senior High School Honor Graduate);', 'Yes', 'C Language;C#;Java;Python;', 'Yes', 'Yes', 'Home', 'No', 'Yes', 'Walk', '', 'Less than 30 minutes', 'Excited and Happy', 'Walk', '', 'Less than 30 minutes', 'Tired and Lazy', 'I am passionate about computer technology and I want to improve Cebu City'),
	('235102415', 'BS Computer Science', '1st year', '', '', 'Jay Vince D. Serato', 'Face-to-face', 'No', '', 'No', '', 'No', 'Yes', 'Boarding House', 'No', 'Yes', 'Walk', '', 'Less than 30 minutes', 'Excited and Happy', 'Walk', '', 'Less than 30 minutes', 'Relieved and Happy', 'My older sister choice'),
	('170338635', 'BS Computer Science', '1st year', '', '', 'Frederick Revilleza', 'Face-to-face', 'No', '', 'No', '', 'Yes', 'Yes', 'Home', 'Yes', 'Yes', 'Walk', '', 'Less than 30 minutes', 'Excited and Happy', 'Walk', '', 'Less than 30 minutes', 'Relieved and Happy', 'Want to make a game.'),
	('120470443', 'BS Information Technology', '1st year', '', '', 'Erica Jean S. Abadinas', 'Face-to-face', 'Yes', 'CHED Scholarship;', 'No', '', 'Yes', 'Yes', 'Home', 'No', 'Yes', 'Walk', '', 'Less than 30 minutes', 'Tired and Sleepy', 'Walk', '', 'Less than 30 minutes', 'Dreading Assignments', 'Because people recommended I get IT for college, and at the same time, I also believe that I wouldn''t really mind or be drowning in these major subjects because I have a bit of a passion for learning programming generally.'),
	('232302526', 'BS Information Technology', '1st year', '', '', 'Erica Jean S. Abadinas', 'Face-to-face', 'No', '', 'Yes', 'C#;C++;', 'Yes', 'No', 'Home', 'No', 'Yes', 'Commute(Jeep, Taxi, Angkas, etc.)', '2 rides', '30 minutes to 1 hour', 'Tired and Sleepy', 'Commute(Jeep, Taxi, Angkas, etc.)', '2 rides', '30 minutes to 1 hour', 'Excited on doing Assignments', '"My parents do recommend this program to me and at first I don''t like it, until I give it a try and immerse myself on it, I find it fun and enjoyable to solve such problems that will challenge my brain, and I also notice that immersing oneself in tech industry is such a great opportunity because it had tones of other choices like editing, animation and etc. Just Incase coding won''t suit and like me I have other choices but looking on the big picture ""I will"" do my best to pursue this course that brings happiness and satisfactions towards myself and my parents. so that soon in future I can also share my skills and will sincerely do my best to contribute in the tech industry. "'),
	('231924354', 'BS Information Technology', '1st year', '', '', 'Erica Jean S. Abadinas', 'Face-to-face', 'No', '', 'No', '', 'Yes', 'Yes', 'Home', 'Yes', 'Yes', 'Personal(Car, Bike, Motorcycle, etc.)', '', 'Less than 30 minutes', 'Excited and Happy', 'Personal(Car, Bike, Motorcycle, etc.)', '', '30 minutes to 1 hour', 'Tired and Lazy', '"High Demand for Skills: The technology sector is constantly growing, and there is a high demand for professionals with skills in CS/IT. This can lead to excellent job prospects and opportunities. Versatility: CS/IT skills are applicable across various industries. Whether it''s finance, healthcare, entertainment, or any other field, technology plays a crucial role, providing you with a broad range of career options. Innovation and Creativity: CS/IT fields are dynamic and allow for constant innovation. If you enjoy solving problems, creating new applications, or exploring cutting-edge technologies, this field can be highly satisfying. Global Opportunities: Technology is a global industry, and skills acquired in CS/IT are transferable across borders. This opens up opportunities to work in different countries and experience diverse cultures. Competitive Salaries: Jobs in CS/IT often come with competitive salaries. As technology becomes more integral to business operations, organizations are willing to invest in skilled professionals who can contribute to their success.'),
	('207429858', 'BS Information Technology', '1st year', '', '', 'Erica Jean S. Abadinas', 'Hybrid (Online + Face-to-face)', 'No', '', 'Yes', 'JavaScript;Java;', 'Yes', 'Yes', 'Home', 'Yes', 'Yes', 'Personal(Car, Bike, Motorcycle, etc.)', '', 'Less than 30 minutes', 'Tired and Sleepy', 'Personal(Car, Bike, Motorcycle, etc.)', '', 'Less than 30 minutes', 'Relieved and Happy', 'I want to work in a related field in the future.'),
	('232047462', 'BS Information Technology', '1st year', '', '', 'Erica Jean S. Abadinas', 'Face-to-face', 'No', '', 'No', '', 'Yes', 'Yes', 'Home', 'No', 'Yes', 'Commute(Jeep, Taxi, Angkas, etc.)', '1 ride', '1 hour - 2 hours', 'Tired and Sleepy', 'Commute(Jeep, Taxi, Angkas, etc.)', '1 ride', '1 hour - 2 hours', 'Relieved and Happy', 'I''m interested in technology and i wanted to get to know more about the process of computer and stuff.  And also It was my only choice of course and IT is one of the most demanding jobs in the future.'),
	('231805297', 'BS Information Technology', '1st year', '', '', 'Erica Jean S. Abadinas', 'Face-to-face', 'No', '', 'No', '', 'Yes', 'Yes', 'Home', 'No', 'Yes', 'Commute(Jeep, Taxi, Angkas, etc.)', '2 rides', '30 minutes to 1 hour', 'Tired and Sleepy', 'Commute(Jeep, Taxi, Angkas, etc.)', '1 ride', '1 hour - 2 hours', 'Dreading Assignments', 'For me, I chose IT to pursue a course in CIT-U because I believe this will help myself to be technology literacy although it is already difficult but I am trying my best because I believe that I can succeed.'),
	('231795734', 'BS Information Technology', '1st year', '', '', 'Erica Jean S. Abadinas', 'Face-to-face', 'Yes', 'DOST Scholarship;CIT-U Special Academic Scholarship (Cebu City National Science High School Graduates/ Philippine Science High School Graduates);', 'Yes', 'C Language;', 'Yes', 'Yes', 'Home', 'Yes', 'Yes', 'Commute(Jeep, Taxi, Angkas, etc.)', '1 ride', '30 minutes to 1 hour', 'Excited and Happy', 'Commute(Jeep, Taxi, Angkas, etc.)', '1 ride', '30 minutes to 1 hour', 'Relieved and Happy', 'I decided to pursue BSIT because it sparked my interest in the program during my work immersion in CIT-U while I was still in Science High'),
	('233757111', 'BS Information Technology', '1st year', '', '', 'Erica Jean S. Abadinas', 'Face-to-face', 'Yes', 'Cebu City Scholarship;', 'No', '', 'Yes', 'Yes', 'Home', 'No', 'Yes', 'Commute(Jeep, Taxi, Angkas, etc.)', '2 rides', '30 minutes to 1 hour', 'Excited and Happy', 'Commute(Jeep, Taxi, Angkas, etc.)', '2 rides', '30 minutes to 1 hour', 'Tired and Lazy', 'I find myself fond and interested in learning more about the programming world.'),
	('235442132', 'BS Information Technology', '1st year', '', '', 'Jay Vince D. Serato', 'Hybrid (Online + Face-to-face)', 'No', '', 'No', '', 'Yes', 'Yes', 'Home', 'No', 'Yes', 'Commute(Jeep, Taxi, Angkas, etc.)', '1 ride', '1 hour - 2 hours', 'Tired and Sleepy', 'Commute(Jeep, Taxi, Angkas, etc.)', '1 ride', '1 hour - 2 hours', 'Dreading Assignments', 'Maybe The Higher Pay in the IT industry and i''m easily to understand computer Stuff  '),
	('235852966', 'BS Computer Science', '1st year', '', '', 'Jay Vince D. Serato', 'Hybrid (Online + Face-to-face)', 'Yes', 'DOST Scholarship;', 'No', '', 'No', 'No', 'Home', 'No', 'Yes', 'Commute(Jeep, Taxi, Angkas, etc.)', '3 rides', '1 hour - 2 hours', 'Tired and Sleepy', 'Commute(Jeep, Taxi, Angkas, etc.)', '3 rides', '1 hour - 2 hours', 'Relieved and Happy', 'It has a lot of job oppurtunities and it also doesnt have a board exam unlike other courses.'),
	('2017011848', 'BS Computer Science', '1st year', '', '', 'Frederick Revilleza', 'Face-to-face', 'No', '', 'Yes', 'Java;Python;Scratch;', 'Yes', 'Yes', 'Home', 'Yes', 'Yes', 'Commute(Jeep, Taxi, Angkas, etc.)', '1 ride', 'Less than 30 minutes', 'Excited and Happy', 'Walk', '', '30 minutes to 1 hour', 'Relieved and Happy', 'I''ve had a love and a knack for understanding the inner workings of computer software, and thought that Computer Science is the best way to fully learn these things.'),
	('235952883', 'BS Information Technology', '1st year', '', '', 'Jay Vince D. Serato', 'Face-to-face', 'No', '', 'No', '', 'No', 'Yes', 'Home', 'No', 'No', 'Walk', '', 'Less than 30 minutes', 'Tired and Sleepy', 'Walk', '', 'Less than 30 minutes', 'Tired and Lazy', 'More learning about programming'),
	('231925986', 'BS Information Technology', '1st year', '', '', 'Erica Jean S. Abadinas', 'Face-to-face', 'No', '', 'Yes', 'C Language;Java;', 'Yes', 'Yes', 'Home', 'Yes', 'Yes', 'Personal(Car, Bike, Motorcycle, etc.)', '', 'Less than 30 minutes', 'Excited and Happy', 'Walk', '', 'Less than 30 minutes', 'Excited on doing Assignments', 'Aside from the salary, I am particularly interested in the evolving technology and want to be a valuable asset to the IT industry. I also find programming and coding enjoyable.'),
	('232250144', 'BS Information Technology', '1st year', '', '', 'Erica Jean S. Abadinas', 'Hybrid (Online + Face-to-face)', 'No', '', 'No', '', 'Yes', 'No', 'Boarding House', 'Yes', 'Yes', 'Walk', '', 'Less than 30 minutes', 'Tired and Sleepy', 'Walk', '', 'Less than 30 minutes', 'Dreading Assignments', 'Because it is a demanding course especially in the world right now we living in. The companies need more IT/CS graduates to protect their data from hackers. Lastly, Its a course where it has many track to choose and decide what is best for you in the future.'),
	('231934189', 'BS Information Technology', '1st year', '', '', 'Erica Jean S. Abadinas', 'Face-to-face', 'No', '', 'No', '', 'No', 'No', 'Home', 'No', 'Yes', 'Commute(Jeep, Taxi, Angkas, etc.)', '2 rides', '1 hour - 2 hours', 'Tired and Sleepy', 'Commute(Jeep, Taxi, Angkas, etc.)', '2 rides', '3 hours and above', 'Tired and Lazy', 'I want to create my own website.'),
	('232256994', 'BS Information Technology', '1st year', '', '', 'Erica Jean S. Abadinas', 'Face-to-face', 'No', '', 'Yes', 'Python;HTML,CSS;', 'Yes', 'Yes', 'Home', 'Yes', 'Yes', 'Commute(Jeep, Taxi, Angkas, etc.)', '1 ride', 'Less than 30 minutes', 'Tired and Sleepy', 'Commute(Jeep, Taxi, Angkas, etc.)', '1 ride', 'Less than 30 minutes', 'Tired and Lazy', 'I lIkE cOmPuTeRs'),
	('232081111', 'BS Information Technology', '1st year', '', '', 'Erica Jean S. Abadinas', 'Face-to-face', 'No', '', 'Yes', 'C#;Python;', 'Yes', 'No', 'Boarding House', 'Yes', 'Yes', 'Walk', '', 'Less than 30 minutes', 'Tired and Sleepy', 'Walk', '', 'Less than 30 minutes', 'Dreading Assignments', 'Because I found programming interesting since I was in high school and it also pays well.'),
	('232426543', 'BS Information Technology', '1st year', '', '', 'Erica Jean S. Abadinas', 'Face-to-face', 'No', '', 'No', '', 'Yes', 'No', 'Home', 'No', 'Yes', 'Commute(Jeep, Taxi, Angkas, etc.)', '3 rides', '1 hour - 2 hours', 'Tired and Sleepy', 'Commute(Jeep, Taxi, Angkas, etc.)', '3 rides', '1 hour - 2 hours', 'Tired and Lazy', 'I didn''t have interest in anything so I just decided to take IT because 2 of my cousins are taking IT also.'),
	('232082220', 'BS Information Technology', '1st year', '', '', 'Erica Jean S. Abadinas', 'Hybrid (Online + Face-to-face)', 'No', '', 'No', '', 'Yes', 'No', 'Home', 'No', 'Yes', 'Commute(Jeep, Taxi, Angkas, etc.)', '2 rides', '30 minutes to 1 hour', 'Tired and Sleepy', 'Commute(Jeep, Taxi, Angkas, etc.)', '2 rides', '30 minutes to 1 hour', 'Relieved and Happy', 'To have a stable job in the future'), 
	('232357568', 'BS Information Technology', '1st year', '', '', 'Erica Jean S. Abadinas', 'Face-to-face', 'No', '', 'No', '', 'Yes', 'Yes', 'Condominium', 'No', 'Yes', 'Commute(Jeep, Taxi, Angkas, etc.)', '1 ride', 'Less than 30 minutes', 'Tired and Sleepy', 'Commute(Jeep, Taxi, Angkas, etc.)', '1 ride', 'Less than 30 minutes', 'Relieved and Happy', 'Because I am interested in pursuing a career in the industry of technology, specifically programming, web development and for practical reasons it offers high pay in the latter part of working in the industry.'),
	('230514783', 'BS Information Technology', '1st year', '', '', 'Erica Jean S. Abadinas', 'Face-to-face', 'No', '', 'No', '', 'No', 'Yes', 'Home', 'Yes', 'Yes', 'Commute(Jeep, Taxi, Angkas, etc.)', '1 ride', 'Less than 30 minutes', 'Tired and Sleepy', 'Commute(Jeep, Taxi, Angkas, etc.)', '1 ride', 'Less than 30 minutes', 'Tired and Lazy', 'I decide to pursue IT because it is one where I feel I will get the most job satisfaction from. Also as an individual that is living in a developing country I think the best course to take is IT. I have a lot of friends or people I know that is working as a IT or Programmer and as far as I can observe they are living well and the salary is kinda good as well. '), 
	('232517769', 'BS Information Technology', '1st year', '', '', 'Erica Jean S. Abadinas', 'Hybrid (Online + Face-to-face)', 'No', '', 'No', '', 'Yes', 'Yes', 'Home', 'No', 'Yes', 'Walk', '', 'Less than 30 minutes', 'Excited and Happy', 'Walk', '', 'Less than 30 minutes', 'Tired and Lazy', 'I love computer-related courses since I grew up using computers and other technology, and I decided to choose this course since it is my dream to become a programmer, and I wish to graduate with a Bachelor of Science in Information Technology (BSIT) in Cit-U.'),
	('232013950', 'BS Information Technology', '1st year', '', '', 'Erica Jean S. Abadinas', 'Online', 'Yes', 'Cebu City Scholarship;', 'No', '', 'No', 'Yes', 'Home', 'No', 'Yes', 'Commute(Jeep, Taxi, Angkas, etc.)', '2 rides', '1 hour - 2 hours', 'Tired and Sleepy', 'Commute(Jeep, Taxi, Angkas, etc.)', '2 rides', '1 hour - 2 hours', 'Tired and Lazy', 'This course is in demand, and I think there''s an opportunity to get a job if I ever graduate from it. I also have relatives who work in the industry with high salaries.'),
	('231962676', 'BS Information Technology', '1st year', '', '', 'Erica Jean S. Abadinas', 'Face-to-face', 'No', '', 'No', '', 'Yes', 'Yes', 'Home', 'No', 'No', 'Commute(Jeep, Taxi, Angkas, etc.)', '2 rides', '1 hour - 2 hours', 'Tired and Sleepy', 'Commute(Jeep, Taxi, Angkas, etc.)', '2 rides', '1 hour - 2 hours', 'Tired and Lazy', 'I want to learn more about computers and coding. I selected CS/IT because I enjoy technology and solving problems. My selection was driven by the dynamic nature of the profession and the possibility to contribute to innovation.'),
	('232635609', 'BS Information Technology', '1st year', '', '', 'Erica Jean S. Abadinas', 'Face-to-face', 'No', '', 'No', '', 'Yes', 'Yes', 'Home', 'Yes', 'Yes', 'Commute(Jeep, Taxi, Angkas, etc.)', '2 rides', '30 minutes to 1 hour', 'Tired and Sleepy', 'Commute(Jeep, Taxi, Angkas, etc.)', '2 rides', '30 minutes to 1 hour', 'Tired and Lazy', 'I want to try if this course is for me'),
	('218410880', 'BS Information Technology', '1st year', '', '', 'Cheryl B. Pantaleon', 'Face-to-face', 'No', '', 'No', '', 'Yes', 'Yes', 'Home', 'Yes', 'Yes', 'Personal(Car, Bike, Motorcycle, etc.)', '', 'Less than 30 minutes', 'Excited and Happy', 'Personal(Car, Bike, Motorcycle, etc.)', '', 'Less than 30 minutes', 'Relieved and Happy', 'To work in the same industry my mother works'),
	('230761533', 'BS Information Technology', '1st year', '', '', 'Cheryl B. Pantaleon', 'Hybrid (Online + Face-to-face)', 'No', '', 'No', '', 'Yes', 'Yes', 'Home', 'Yes', 'No', 'Commute(Jeep, Taxi, Angkas, etc.)', '1 ride', '30 minutes to 1 hour', 'Tired and Sleepy', 'Commute(Jeep, Taxi, Angkas, etc.)', '1 ride', '30 minutes to 1 hour', 'Tired and Lazy', 'Because they can give good background for my course '),
	('230246135', 'BS Information Technology', '1st year', '', '', 'Cheryl B. Pantaleon', 'Face-to-face', 'No', '', 'No', '', 'Yes', 'Yes', 'Home', 'No', 'Yes', 'Commute(Jeep, Taxi, Angkas, etc.)', '2 rides', 'Less than 30 minutes', 'Excited and Happy', 'Commute(Jeep, Taxi, Angkas, etc.)', '2 rides', 'Less than 30 minutes', 'Tired and Lazy', 'Because my sister is a alumni and recommended me to pursue my BSIT course in CIT because the facilities are good. '),
	('232684947', 'BS Information Technology', '1st year', '', '', 'Cheryl B. Pantaleon', 'Hybrid (Online + Face-to-face)', 'Yes', 'CHED Scholarship;', 'No', '', 'Yes', 'Yes', 'Relatives House', 'Yes', 'Yes', 'Personal(Car, Bike, Motorcycle, etc.)', '', 'Less than 30 minutes', 'Tired and Sleepy', 'Personal(Car, Bike, Motorcycle, etc.)', '', 'Less than 30 minutes', 'Relieved and Happy', 'Fear of AI & High Demand of IT Personel'),
	('230330749', 'BS Information Technology', '1st year', '', '', 'Cheryl B. Pantaleon', 'Face-to-face', 'No', '', 'Yes', 'C Language;Python;', 'Yes', 'Yes', 'Condominium', 'Yes', 'Yes', 'Commute(Jeep, Taxi, Angkas, etc.)', '1 ride', 'Less than 30 minutes', 'Tired and Sleepy', 'Commute(Jeep, Taxi, Angkas, etc.)', '1 ride', '30 minutes to 1 hour', 'Relieved and Happy', 'To become an I.T. specialist.'),
	('230112653', 'BS Information Technology', '1st year', '', '', 'Cheryl B. Pantaleon', 'Hybrid (Online + Face-to-face)', 'No', '', 'No', '', 'Yes', 'Yes', 'Boarding House', 'No', 'Yes', 'Walk', '', 'Less than 30 minutes', 'Tired and Sleepy', 'Walk', '', 'Less than 30 minutes', 'Tired and Lazy', 'In order for me to achieve my dream occupation of working on the IT department.'),
	('230851107', 'BS Information Technology', '1st year', '', '', 'Cheryl B. Pantaleon', 'Face-to-face', 'No', '', 'No', '', 'Yes', 'Yes', 'Boarding House', 'Yes', 'Yes', 'Walk', '', 'Less than 30 minutes', 'Tired and Sleepy', 'Walk', '', 'Less than 30 minutes', 'Relieved and Happy', 'abi kog pindot2 rani'),
	('231486900', 'BS Information Technology', '1st year', '', '', 'Cheryl B. Pantaleon', 'Face-to-face', 'No', '', 'No', '', 'Yes', 'Yes', 'Home', 'Yes', 'Yes', 'Personal(Car, Bike, Motorcycle, etc.)', '', '30 minutes to 1 hour', 'Tired and Sleepy', 'Personal(Car, Bike, Motorcycle, etc.)', '', '30 minutes to 1 hour', 'Relieved and Happy', 'Influence of others'),
	('230267319', 'BS Information Technology', '1st year', '', '', 'Cheryl B. Pantaleon', 'Face-to-face', 'No', '', 'No', '', 'Yes', 'No', 'Boarding House', 'No', 'Yes', 'Walk', '', 'Less than 30 minutes', 'Tired and Sleepy', 'Walk', '', 'Less than 30 minutes', 'Dreading Assignments', 'Because my family ask me to pursue it '),
	('230837809', 'BS Information Technology', '1st year', '', '', 'Cheryl B. Pantaleon', 'Face-to-face', 'No', '', 'No', '', 'Yes', 'Yes', 'Condominium', 'No', 'Yes', 'Commute(Jeep, Taxi, Angkas, etc.)', '1 ride', 'Less than 30 minutes', 'Tired and Sleepy', 'Commute(Jeep, Taxi, Angkas, etc.)', '1 ride', 'Less than 30 minutes', 'Tired and Lazy', 'No other choice. '),
	('230057927', 'BS Information Technology', '1st year', '', '', 'Cheryl B. Pantaleon', 'Face-to-face', 'No', '', 'No', '', 'Yes', 'No', 'Boarding House', 'Yes', 'Yes', 'Walk', '', 'Less than 30 minutes', 'Tired and Sleepy', 'Commute(Jeep, Taxi, Angkas, etc.)', '2 rides', '1 hour - 2 hours', 'Relieved and Happy', 'most suitable college for me'),
	('230641447', 'BS Information Technology', '1st year', '', '', 'Cheryl B. Pantaleon', 'Face-to-face', 'No', '', 'No', '', 'Yes', 'No', 'Boarding House', 'Yes', 'Yes', 'Commute(Jeep, Taxi, Angkas, etc.)', '1 ride', 'Less than 30 minutes', 'Tired and Sleepy', 'Commute(Jeep, Taxi, Angkas, etc.)', '1 ride', 'Less than 30 minutes', 'Relieved and Happy', 'it has many opportunities '),
	('234686868', 'BS Information Technology', '1st year', '', '', 'Cheryl B. Pantaleon', 'Face-to-face', 'No', '', 'No', '', 'Yes', 'Yes', 'Boarding House', 'No', 'No', 'Walk', '', 'Less than 30 minutes', 'Tired and Sleepy', 'Walk', '', 'Less than 30 minutes', 'Dreading Assignments', 'nice school'),
	('230711470', 'BS Information Technology', '1st year', '', '', 'Cheryl B. Pantaleon', 'Face-to-face', 'No', '', 'No', '', 'Yes', 'No', 'Home', 'Yes', 'Yes', 'Personal(Car, Bike, Motorcycle, etc.)', '', 'Less than 30 minutes', 'Excited and Happy', 'Personal(Car, Bike, Motorcycle, etc.)', '', '30 minutes to 1 hour', 'Relieved and Happy', 'As I''m an tech enthusiasts, I''m eager to expand my learning about technology including programming and the likes'),
	('231151936', 'BS Information Technology', '1st year', '', '', 'Cheryl B. Pantaleon', 'Face-to-face', 'No', '', 'No', '', 'Yes', 'Yes', 'Home', 'No', 'Yes', 'Commute(Jeep, Taxi, Angkas, etc.)', '2 rides', '30 minutes to 1 hour', 'Tired and Sleepy', 'Commute(Jeep, Taxi, Angkas, etc.)', '3 rides', '1 hour - 2 hours', 'Tired and Lazy', 'Because of high paying job'),
	('230866858', 'BS Information Technology', '1st year', '', '', 'Cheryl B. Pantaleon', 'Face-to-face', 'No', '', 'No', '', 'Yes', 'Yes', 'Subdivision', 'No', 'No', 'Commute(Jeep, Taxi, Angkas, etc.)', '2 rides', '30 minutes to 1 hour', 'Excited and Happy', 'Commute(Jeep, Taxi, Angkas, etc.)', '2 rides', '30 minutes to 1 hour', 'Tired and Lazy', 'Because my cousins tell me that the teaching of information technology there was great. '),
	('230716981', 'BS Information Technology', '1st year', '', '', 'Cheryl B. Pantaleon', 'Hybrid (Online + Face-to-face)', 'No', '', 'No', '', 'Yes', 'Yes', 'Boarding House', 'Yes', 'No', 'Walk', '', 'Less than 30 minutes', 'Tired and Sleepy', 'Walk', '', 'Less than 30 minutes', 'Relieved and Happy', 'For practicality. Since technology has been progressing over the years, with this the tech world has a lot more opportunities to offer.'),
	('230706415', 'BS Information Technology', '1st year', '', '', 'Cheryl B. Pantaleon', 'Face-to-face', 'No', '', 'No', '', 'Yes', 'Yes', 'Home', 'No', 'Yes', 'Commute(Jeep, Taxi, Angkas, etc.)', '1 ride', 'Less than 30 minutes', 'Tired and Sleepy', 'Commute(Jeep, Taxi, Angkas, etc.)', '1 ride', 'Less than 30 minutes', 'Relieved and Happy', 'Because it is one of the course that I like and being an IT is one of my dream job.'),
	('237074895', 'BS Information Technology', '1st year', '', '', 'Cheryl B. Pantaleon', 'Face-to-face', 'No', '', 'No', '', 'Yes', 'Yes', 'Home', 'Yes', 'Yes', 'Walk', '', 'Less than 30 minutes', 'Tired and Sleepy', 'Walk', '', 'Less than 30 minutes', 'Tired and Lazy', 'lucrative field'),
	('230100845', 'BS Information Technology', '1st year', '', '', 'Cheryl B. Pantaleon', 'Face-to-face', 'No', '', 'No', '', 'Yes', 'No', 'Boarding House', 'No', 'No', 'Walk', '', 'Less than 30 minutes', 'Tired and Sleepy', 'Walk', '', 'Less than 30 minutes', 'Tired and Lazy', 'i am interested on how code runs especially within games'), 
	('231009711', 'BS Information Technology', '1st year', '', '', 'Cheryl B. Pantaleon', 'Hybrid (Online + Face-to-face)', 'No', '', 'Yes', 'Java;C Language;HTML / CSS;', 'Yes', 'Yes', 'Home', 'Yes', 'Yes', 'Commute(Jeep, Taxi, Angkas, etc.)', '3 rides', '1 hour - 2 hours', 'Tired and Sleepy', 'Commute(Jeep, Taxi, Angkas, etc.)', '3 rides', '1 hour - 2 hours', 'Dreading Assignments', 'Technology was the only thing that stood out to me when growing up, I wasn''t fascinated with the idea of pursuing other courses other than BSIT.'),
	('230695527', 'BS Information Technology', '1st year', '', '', 'Cheryl B. Pantaleon', 'Face-to-face', 'No', '', 'Yes', 'C Language;C++;Java;', 'Yes', 'No', 'Home', 'Yes', 'Yes', 'Personal(Car, Bike, Motorcycle, etc.)', '', 'Less than 30 minutes', 'Excited and Happy', 'Personal(Car, Bike, Motorcycle, etc.)', '', '30 minutes to 1 hour', 'Tired and Lazy', 'I decide to pursue the course of IT because I want to enter the world of programming and earn money in order to help my family.'),
	('231213960', 'BS Information Technology', '1st year', '', '', 'Cheryl B. Pantaleon', 'Face-to-face', 'No', '', 'No', '', 'Yes', 'Yes', 'Home', 'Yes', 'Yes', 'Commute(Jeep, Taxi, Angkas, etc.)', '1 ride', 'Less than 30 minutes', 'Tired and Sleepy', 'Walk', '', 'Less than 30 minutes', 'Dreading Assignments', 'High salary and its my dream course'),
	('231010477', 'BS Information Technology', '1st year', '', '', 'Cheryl B. Pantaleon', 'Hybrid (Online + Face-to-face)', 'No', '', 'Yes', 'C Language;', 'Yes', 'Yes', 'Home', 'No', 'Yes', 'Commute(Jeep, Taxi, Angkas, etc.)', '2 rides', '1 hour - 2 hours', 'Excited and Happy', 'Commute(Jeep, Taxi, Angkas, etc.)', '2 rides', '1 hour - 2 hours', 'Tired and Lazy', 'It is more flexible in our era and the technology is evolving and thought to myself that it was a more convenient.'),
	('230076146', 'BS Information Technology', '1st year', '', '', 'Cheryl B. Pantaleon', 'Hybrid (Online + Face-to-face)', 'No', '', 'No', '', 'Yes', 'Yes', 'Home', 'Yes', 'Yes', 'Commute(Jeep, Taxi, Angkas, etc.)', '1 ride', 'Less than 30 minutes', 'Tired and Sleepy', 'Commute(Jeep, Taxi, Angkas, etc.)', '1 ride', 'Less than 30 minutes', 'Dreading Assignments', '"Cause of the allowance and it is in demand right now.... I also chose to be a programmer cause you can do work at home.'),
	('230529787', 'BS Information Technology', '1st year', '', '', 'Cheryl B. Pantaleon', 'Face-to-face', 'No', '', 'No', '', 'Yes', 'Yes', 'Boarding House', 'Yes', 'Yes', 'Commute(Jeep, Taxi, Angkas, etc.)', '1 ride', 'Less than 30 minutes', 'Excited and Happy', 'Commute(Jeep, Taxi, Angkas, etc.)', '1 ride', 'Less than 30 minutes', 'Tired and Lazy', 'Honestly my parents decided my course but I have one reason why I pursued this course. I wanted to become a webdev.'),
	('230185503', 'BS Information Technology', '1st year', '', '', 'Cheryl B. Pantaleon', 'Hybrid (Online + Face-to-face)', 'No', '', 'Yes', 'C Language;C++;C#;Java;Python;Js, React, Kotlin;', 'Yes', 'Yes', 'Boarding House', 'Yes', 'Yes', 'Walk', '', 'Less than 30 minutes', 'Tired and Sleepy', 'Walk', '', 'Less than 30 minutes', 'Tired and Lazy', 'My uncle inspired me'),
	('231315571', 'BS Information Technology', '1st year', '', '', 'Cheryl B. Pantaleon', 'Hybrid (Online + Face-to-face)', 'No', '', 'Yes', 'C Language;Java;', 'Yes', 'Yes', 'Boarding House', 'Yes', 'Yes', 'Walk', '', 'Less than 30 minutes', 'Tired and Sleepy', 'Walk', '', 'Less than 30 minutes', 'Dreading Assignments', 'Because of my Ate. I really want MMA :('),
	('230225681', 'BS Information Technology', '1st year', '', '', 'Cheryl B. Pantaleon', 'Face-to-face', 'No', '', 'No', '', 'Yes', 'Yes', 'Boarding House', 'Yes', 'Yes', 'Commute(Jeep, Taxi, Angkas, etc.)', '1 ride', 'Less than 30 minutes', 'Tired and Sleepy', 'Commute(Jeep, Taxi, Angkas, etc.)', '1 ride', 'Less than 30 minutes', 'Relieved and Happy', 'Because ever since I was still in high school, I am invested of what my cousins do and I fin it interesting. I also hear that there are many opportunities you will get when I pursue this course.'),
	('230345916', 'BS Information Technology', '1st year', '', '', 'Cheryl B. Pantaleon', 'Online', 'No', '', 'Yes', 'css;', 'Yes', 'No', 'Boarding House', 'No', 'No', 'Commute(Jeep, Taxi, Angkas, etc.)', '1 ride', 'Less than 30 minutes', 'Tired and Sleepy', 'Commute(Jeep, Taxi, Angkas, etc.)', '1 ride', '30 minutes to 1 hour', 'Excited on doing Assignments', 'with a little bit of knowledge of the program, it is a horizon of mine to be in a dream position which is to be a web developer'),
	('230952972', 'BS Information Technology', '1st year', '', '', 'Cheryl B. Pantaleon', 'Face-to-face', 'No', '', 'Yes', 'C Language;', 'Yes', 'Yes', 'Home', 'Yes', 'Yes', 'Commute(Jeep, Taxi, Angkas, etc.)', '3 rides', '1 hour - 2 hours', 'Tired and Sleepy', 'Commute(Jeep, Taxi, Angkas, etc.)', '3 rides', '1 hour - 2 hours', 'Tired and Lazy', 'High demand.'),
	('230197396', 'BS Information Technology', '1st year', '', '', 'Cheryl B. Pantaleon', 'Face-to-face', 'No', '', 'No', '', 'Yes', 'No', 'Boarding House', 'Yes', 'Yes', 'Walk', '', 'Less than 30 minutes', 'Excited and Happy', 'Walk', '', 'Less than 30 minutes', 'Tired and Lazy', 'It is most likely the most schedule-flexible career. You can work alone or in a group anytime you choose.'),
	('231121678', 'BS Information Technology', '1st year', '', '', 'Cheryl B. Pantaleon', 'Face-to-face', 'No', '', 'No', '', 'Yes', 'Yes', 'Home', 'Yes', 'Yes', 'Personal(Car, Bike, Motorcycle, etc.)', '', '30 minutes to 1 hour', 'Tired and Sleepy', 'Commute(Jeep, Taxi, Angkas, etc.)', '2 rides', '30 minutes to 1 hour', 'Relieved and Happy', 'It most likely the most flexible and demand career. Also you can work alone and can work at home.'),
	('201040027', 'BS Information Technology', '1st year', '', '', 'Cheryl B. Pantaleon', 'Face-to-face', 'Yes', 'DOST Scholarship;', 'No', '', 'Yes', 'Yes', 'Home', 'No', 'Yes', 'Personal(Car, Bike, Motorcycle, etc.)', '', 'Less than 30 minutes', 'Tired and Sleepy', 'Commute(Jeep, Taxi, Angkas, etc.)', '2 rides', '30 minutes to 1 hour', 'Relieved and Happy', 'I was influenced by a family member that also took BSIT. I learned that there are a lot of opportunities in this feild. '),
	('231156855', 'BS Information Technology', '1st year', '', '', 'Cheryl B. Pantaleon', 'Face-to-face', 'No', '', 'No', '', 'Yes', 'Yes', 'Boarding House', 'Yes', 'Yes', 'Walk', '', 'Less than 30 minutes', 'Tired and Sleepy', 'Walk', '', 'Less than 30 minutes', 'Relieved and Happy', 'I decided to pursue this course because I like programming and this course is what my family recommended me to take'),
	('233773764', 'BS Information Technology', '1st year', '', '', 'Cheryl B. Pantaleon', 'Face-to-face', 'No', '', 'Yes', 'Nodejs/javascript;', 'Yes', 'Yes', 'Boarding House', 'Yes', 'Yes', 'Walk', '', 'Less than 30 minutes', 'Tired and Sleepy', 'Walk', '', 'Less than 30 minutes', 'Relieved and Happy', 'Because I like programming'),
	('230209694', 'BS Information Technology', '1st year', '', '', 'Cheryl B. Pantaleon', 'Face-to-face', 'Yes', 'ELAP Scholarship (OWWA);', 'No', '', 'Yes', 'No', 'Boarding House', 'Yes', 'Yes', 'Commute(Jeep, Taxi, Angkas, etc.)', '1 ride', 'Less than 30 minutes', 'Tired and Sleepy', 'Commute(Jeep, Taxi, Angkas, etc.)', '1 ride', 'Less than 30 minutes', 'Relieved and Happy', 'Because I chose to be practical, IT had so much to offer including opportunities, high demand in skills and the chance to work in various industries. '),
	('207631433', 'BS Information Technology', '1st year', '', '', 'Cheryl B. Pantaleon', 'Hybrid (Online + Face-to-face)', 'No', '', 'No', '', 'Yes', 'Yes', 'Home', 'No', 'Yes', 'Commute(Jeep, Taxi, Angkas, etc.)', '2 rides', '30 minutes to 1 hour', 'Tired and Sleepy', 'Commute(Jeep, Taxi, Angkas, etc.)', '2 rides', '30 minutes to 1 hour', 'Tired and Lazy', 'Big salary'),
	('231889639', 'BS Information Technology', '1st year', '', '', 'Erica Jean S. Abadinas', 'Face-to-face', 'No', '', 'No', '', 'Yes', 'Yes', 'Home', 'Yes', 'Yes', 'Commute(Jeep, Taxi, Angkas, etc.)', '1 ride', '1 hour - 2 hours', 'Tired and Sleepy', 'Commute(Jeep, Taxi, Angkas, etc.)', '1 ride', '1 hour - 2 hours', 'Tired and Lazy', 'I pursued a course in IT because of my interest in technology.'),
	('230801572', 'BS Information Technology', '1st year', '', '', 'Erica Jean S. Abadinas', 'Face-to-face', 'No', '', 'No', '', 'Yes', 'Yes', 'Home', 'Yes', 'Yes', 'Commute(Jeep, Taxi, Angkas, etc.)', '2 rides', 'Less than 30 minutes', 'Excited and Happy', 'Commute(Jeep, Taxi, Angkas, etc.)', '2 rides', 'Less than 30 minutes', 'Tired and Lazy', 'I decided to pursue a BSIT program for two compelling reasons. The first is my parents'' suggestion due to its practicality, and the second is to master the skills that drive today''s digital world and secure a promising career in the tech industry. '),
	('236163279', 'BS Information Technology', '1st year', '', '', 'Kenn Migan Vincent C. Gumonan', 'Face-to-face', 'No', '', 'No', '', 'No', 'Yes', 'Boarding House', 'Yes', 'Yes', 'Commute(Jeep, Taxi, Angkas, etc.)', '1 ride', 'Less than 30 minutes', 'Tired and Sleepy', 'Commute(Jeep, Taxi, Angkas, etc.)', '1 ride', 'Less than 30 minutes', 'Tired and Lazy', 'Because of my interest in computers and coding'),
	('236693453', 'BS Information Technology', '1st year', '', '', 'Kenn Migan Vincent C. Gumonan', 'Hybrid (Online + Face-to-face)', 'No', '', 'No', '', 'No', 'No', 'Boarding House', 'No', 'No', 'Walk', '', '30 minutes to 1 hour', 'Excited and Happy', 'Commute(Jeep, Taxi, Angkas, etc.)', '2 rides', '30 minutes to 1 hour', 'Tired and Lazy', 'Actually my favorite course is Marine Transportation but I am partially color blind and I''m so pressured to pick another course so I decided to choose IT without background in High School and I''m so nervous because I don''t have knowledge about computer, but Sir Khai is the best teacher I''ve ever had and helping me to gain knowledge even if I am a slow learner and so patient with us to catch up the lesson, Sir khai is always motivated me to love this course which is IT and so on this course that i pursue is the best.'),
	('233529427', 'BS Information Technology', '1st year', '', '', 'Kenn Migan Vincent C. Gumonan', 'Face-to-face', 'No', '', 'Yes', 'Java;', 'Yes', 'No', 'Home', 'No', 'Yes', 'Commute(Jeep, Taxi, Angkas, etc.)', '2 rides', '30 minutes to 1 hour', 'Excited and Happy', 'Commute(Jeep, Taxi, Angkas, etc.)', '1 ride', '30 minutes to 1 hour', 'Tired and Lazy', 'Because i love computer and i''ve been exposed to computer since i was young.'),
	('236345966', 'BS Information Technology', '1st year', '', '', 'Kenn Migan Vincent C. Gumonan', 'Face-to-face', 'No', '', 'No', '', 'No', 'Yes', 'Home', 'No', 'Yes', 'Commute(Jeep, Taxi, Angkas, etc.)', '1 ride', 'Less than 30 minutes', 'Excited and Happy', 'Commute(Jeep, Taxi, Angkas, etc.)', '2 rides', 'Less than 30 minutes', 'Tired and Lazy', 'a side from my parents want to take me this course i also want to know about IT and also i want to have a job that is also about IT.'),
	('236684160', 'BS Information Technology', '1st year', '', '', 'Kenn Migan Vincent C. Gumonan', 'Face-to-face', 'No', '', 'No', '', 'No', 'No', 'Boarding House', 'Yes', 'Yes', 'Commute(Jeep, Taxi, Angkas, etc.)', '1 ride', 'Less than 30 minutes', 'Excited and Happy', 'Commute(Jeep, Taxi, Angkas, etc.)', '1 ride', 'Less than 30 minutes', 'Tired and Lazy', 'Because technology is needed in nearly every industry, IT jobs are always in demand'),
	('236492687', 'BS Information Technology', '1st year', '', '', 'Kenn Migan Vincent C. Gumonan', 'Face-to-face', 'No', '', 'No', '', 'No', 'Yes', 'Home', 'No', 'Yes', 'Personal(Car, Bike, Motorcycle, etc.)', '', 'Less than 30 minutes', 'Tired and Sleepy', 'Commute(Jeep, Taxi, Angkas, etc.)', '2 rides', '1 hour - 2 hours', 'Relieved and Happy', 'To become an network engineer'),
	('230148359', 'BS Information Technology', '1st year', '', '', 'Kenn Migan Vincent C. Gumonan', 'Face-to-face', 'No', '', 'No', '', 'Yes', 'Yes', 'Home', 'No', 'Yes', 'Walk', '', 'Less than 30 minutes', 'Tired and Sleepy', 'Walk', '', 'Less than 30 minutes', 'Tired and Lazy', 'Because when I researched about jobs that earns many money it showed IT/CS or anything related to computers. That is why I pursue this course.'),
	('236786523', 'BS Information Technology', '1st year', '', '', 'Kenn Migan Vincent C. Gumonan', 'Face-to-face', 'No', '', 'No', '', 'Yes', 'No', 'Boarding House', 'No', 'Yes', 'Commute(Jeep, Taxi, Angkas, etc.)', '1 ride', 'Less than 30 minutes', 'Tired and Sleepy', 'Commute(Jeep, Taxi, Angkas, etc.)', '1 ride', '30 minutes to 1 hour', 'Tired and Lazy', 'To know things that I dont know about'),
	('232220418', 'BS Information Technology', '1st year', '', '', 'Erica Jean S. Abadinas', 'Face-to-face', 'Yes', 'Cebu City Scholarship;', 'Yes', 'C Language;', 'Yes', 'Yes', 'Home', 'No', 'Yes', 'Personal(Car, Bike, Motorcycle, etc.)', '', 'Less than 30 minutes', 'Excited and Happy', 'Personal(Car, Bike, Motorcycle, etc.)', '', 'Less than 30 minutes', 'Excited on doing Assignments', 'Because I''m not very good in programming but I strive my very best to face my weakness'),
	('236379922', 'BS Information Technology', '1st year', '', '', 'Kenn Migan Vincent C. Gumonan', 'Face-to-face', 'No', '', 'No', '', 'No', 'Yes', 'Home', 'Yes', 'Yes', 'Commute(Jeep, Taxi, Angkas, etc.)', '1 ride', 'Less than 30 minutes', 'Excited and Happy', 'Walk', '', '30 minutes to 1 hour', 'Relieved and Happy', 'I decided to study IT because I really like technology and how it can change the world. I wanted to learn more about this course. Plus, there are many different jobs I can do with a IT degree.'),
	('213398579', 'BS Information Technology', '1st year', '', '', 'Kenn Migan Vincent C. Gumonan', 'Face-to-face', 'No', '', 'No', '', 'Yes', 'Yes', 'Home', 'Yes', 'Yes', 'Commute(Jeep, Taxi, Angkas, etc.)', '1 ride', '1 hour - 2 hours', 'Tired and Sleepy', 'Commute(Jeep, Taxi, Angkas, etc.)', '1 ride', '1 hour - 2 hours', 'Relieved and Happy', 'Coerced by Parents'),
	('236061203', 'BS Computer Science', '1st year', '', '', 'Kenn Migan Vincent C. Gumonan', 'Hybrid (Online + Face-to-face)', 'No', '', 'No', '', 'Yes', 'Yes', 'Boarding House', 'Yes', 'Yes', 'Walk', '', 'Less than 30 minutes', 'Excited and Happy', 'Walk', '', 'Less than 30 minutes', 'Tired and Lazy', 'Because, I want to create games that makes the user experience how games and other media if used correctly in a moral way that it could be considered as an art form, and create an ARG using games and programming as a medium.'),
	('234200947', 'BS Information Technology', '1st year', '', '', 'Kenn Migan Vincent C. Gumonan', 'Face-to-face', 'Yes', 'CIT-U Academic Scholarship (Senior High School Honor Graduate);Cebu City Scholarship;', 'No', '', 'Yes', 'Yes', 'Boarding House', 'No', 'Yes', 'Walk', '', 'Less than 30 minutes', 'Excited and Happy', 'Walk', '', 'Less than 30 minutes', 'Relieved and Happy', 'Actually, I enrolled first in civil engineering course since that was my first choice, but it suddenly changed due to circumstances, but luckily, I''m now on this path since I enjoy and have so much fun learning programming. I''m super glad that I''m here because it gives me a lot of opportunities in the future.'),
	('236700709', 'BS Information Technology', '1st year', '', '', 'Kenn Migan Vincent C. Gumonan', 'Face-to-face', 'No', '', 'No', '', 'Yes', 'Yes', 'Home', 'Yes', 'Yes', 'Walk', '', 'Less than 30 minutes', 'Excited and Happy', 'Walk', '', 'Less than 30 minutes', 'Relieved and Happy', 'growing up, i''ve always loved technology & had keen interest in computers '), 
	('236586877', 'BS Information Technology', '1st year', '', '', 'Kenn Migan Vincent C. Gumonan', 'Face-to-face', 'No', '', 'No', '', 'Yes', 'No', 'Home', 'Yes', 'Yes', 'Commute(Jeep, Taxi, Angkas, etc.)', '1 ride', 'Less than 30 minutes', 'Excited and Happy', 'Commute(Jeep, Taxi, Angkas, etc.)', '1 ride', 'Less than 30 minutes', 'Tired and Lazy', 'To my parents '),
	('236808546', 'BS Information Technology', '1st year', '', '', 'Kenn Migan Vincent C. Gumonan', 'Face-to-face', 'No', '', 'No', '', 'Yes', 'Yes', 'Home', 'No', 'Yes', 'Personal(Car, Bike, Motorcycle, etc.)', '', '30 minutes to 1 hour', 'Excited and Happy', 'Commute(Jeep, Taxi, Angkas, etc.)', '2 rides', '30 minutes to 1 hour', 'Tired and Lazy', 'To learn more about programming and to find a specialization I''m passionate on that I can pursue as a career.'),
	('201477175', 'BS Information Technology', '1st year', '', '', 'Kenn Migan Vincent C. Gumonan', 'Face-to-face', 'Yes', 'NAS ;', 'No', '', 'Yes', 'No', 'Home', 'Yes', 'Yes', 'Commute(Jeep, Taxi, Angkas, etc.)', '1 ride', '1 hour - 2 hours', 'Tired and Sleepy', 'Commute(Jeep, Taxi, Angkas, etc.)', '1 ride', '1 hour - 2 hours', 'Tired and Lazy', 'To become a Software Engineer someday '), 
	('236845234', 'BS Information Technology', '1st year', '', '', 'Kenn Migan Vincent C. Gumonan', 'Face-to-face', 'No', '', 'No', '', 'Yes', 'Yes', 'Home', 'Yes', 'Yes', 'Commute(Jeep, Taxi, Angkas, etc.)', '1 ride', 'Less than 30 minutes', 'Excited and Happy', 'Commute(Jeep, Taxi, Angkas, etc.)', '1 ride', 'Less than 30 minutes', 'Dreading Assignments', 'I want to diverse into technology'), 
	('236835448', 'BS Information Technology', '1st year', '', '', 'Kenn Migan Vincent C. Gumonan', 'Face-to-face', 'No', '', 'Yes', 'C#;Java;HTML;', 'Yes', 'Yes', 'Home', 'Yes', 'Yes', 'Personal(Car, Bike, Motorcycle, etc.)', '', '30 minutes to 1 hour', 'Excited and Happy', 'Commute(Jeep, Taxi, Angkas, etc.)', '2 rides', '30 minutes to 1 hour', 'Relieved and Happy', 'Versatility and Passion'), 
	('170726103', 'BS Information Technology', '1st year', '', '', 'Erica Jean S. Abadinas', 'Hybrid (Online + Face-to-face)', 'No', '', 'No', '', 'Yes', 'Yes', 'Home', 'Yes', 'Yes', 'Commute(Jeep, Taxi, Angkas, etc.)', '1 ride', 'Less than 30 minutes', 'Excited and Happy', 'Commute(Jeep, Taxi, Angkas, etc.)', '1 ride', 'Less than 30 minutes', 'Tired and Lazy', 'CIT-U is good with teaching this program.'), 
	('233308981', 'BS Information Technology', '1st year', '', '', 'Erica Jean S. Abadinas', 'Face-to-face', 'No', '', 'No', '', 'No', 'Yes', 'Home', 'Yes', 'Yes', 'Walk', '', 'Less than 30 minutes', 'Tired and Sleepy', 'Walk', '', 'Less than 30 minutes', 'Relieved and Happy', 'For higher income, for my family. '), 
	('201140035', 'BS Information Technology', '1st year', '', '', 'Erica Jean S. Abadinas', 'Hybrid (Online + Face-to-face)', 'No', '', 'No', '', 'Yes', 'Yes', 'Home', 'No', 'No', 'Commute(Jeep, Taxi, Angkas, etc.)', '1 ride', 'Less than 30 minutes', 'Tired and Sleepy', 'Walk', '', '30 minutes to 1 hour', 'Tired and Lazy', 'I thought this rpc'), 
	('214285868', 'BS Information Technology', '1st year', '', '', 'Erica Jean S. Abadinas', 'Hybrid (Online + Face-to-face)', 'No', '', 'No', '', 'Yes', 'Yes', 'Home', 'Yes', 'Yes', 'Commute(Jeep, Taxi, Angkas, etc.)', '2 rides', '30 minutes to 1 hour', 'Tired and Sleepy', 'Commute(Jeep, Taxi, Angkas, etc.)', '2 rides', '1 hour - 2 hours', 'Relieved and Happy', 'Because I am already interested in anything computer related when I was little. The payment of its jobs being high is also another incentive.'), 
	('233163213', 'BS Information Technology', '1st year', '', '', 'Erica Jean S. Abadinas', 'Face-to-face', 'No', '', 'Yes', 'Java;', 'No', 'Yes', 'Home', 'Yes', 'Yes', 'Commute(Jeep, Taxi, Angkas, etc.)', '1 ride', 'Less than 30 minutes', 'Excited and Happy', 'Commute(Jeep, Taxi, Angkas, etc.)', '1 ride', '30 minutes to 1 hour', 'Relieved and Happy', 'Cause I believe that I have strengths in regard to computer and programming, and also I want to make some money of course.'), 
	('232958771', 'BS Information Technology', '1st year', '', '', 'Erica Jean S. Abadinas', 'Face-to-face', 'No', '', 'No', '', 'Yes', 'No', 'Living with relative', 'Yes', 'Yes', 'Commute(Jeep, Taxi, Angkas, etc.)', '2 rides', '1 hour - 2 hours', 'Excited and Happy', 'Commute(Jeep, Taxi, Angkas, etc.)', '2 rides', '1 hour - 2 hours', 'Tired and Lazy', 'Because I like it, it might not be too easy but we need to fight for what we want in life.'),
	('212663704', 'BS Information Technology', '1st year', '', '', 'Erica Jean S. Abadinas', 'Face-to-face', 'Yes', 'Cebu City Scholarship;', 'No', '', 'Yes', 'Yes', 'Home', 'Yes', 'Yes', 'Personal(Car, Bike, Motorcycle, etc.)', '', 'Less than 30 minutes', 'Excited and Happy', 'Personal(Car, Bike, Motorcycle, etc.)', '', 'Less than 30 minutes', 'Tired and Lazy', 'I chose to pursue a course in CS/IT due to my fascination with the ever-evolving world of technology. The prospect of creating innovative solutions and delving into the intricacies of computer science captivates me. I believe this field aligns perfectly with my interests and offers endless opportunities for growth.'),
	('236562740', 'BS Information Technology', '1st year', '', '', 'Kenn Migan Vincent C. Gumonan', 'Face-to-face', 'Yes', 'Cebu City Scholarship;', 'No', '', 'No', 'Yes', 'Home', 'No', 'Yes', 'Walk', '', '30 minutes to 1 hour', 'Excited and Happy', 'Walk', '', '30 minutes to 1 hour', 'Relieved and Happy', 'because i like  this course and I believe in myself that I can do it.'),
	('230170798', 'BS Information Technology', '1st year', '', '', 'Erica Jean S. Abadinas', 'Face-to-face', 'No', '', 'No', '', 'No', 'No', 'Boarding House', 'No', 'No', 'Walk', '', 'Less than 30 minutes', 'Tired and Sleepy', 'Walk', '', 'Less than 30 minutes', 'Dreading Assignments', 'Because i simply like it'),
	('211874319', 'BS Information Technology', '1st year', '', '', 'Kenn Migan Vincent C. Gumonan', 'Face-to-face', 'No', '', 'No', '', 'Yes', 'Yes', 'Home', 'Yes', 'Yes', 'Personal(Car, Bike, Motorcycle, etc.)', '', '30 minutes to 1 hour', 'Excited and Happy', 'Personal(Car, Bike, Motorcycle, etc.)', '', '30 minutes to 1 hour', 'Relieved and Happy', 'seek new opportunities'),
	('234803498', 'BS Information Technology', '1st year', '', '', 'Kenn Migan Vincent C. Gumonan', 'Face-to-face', 'No', '', 'No', '', 'Yes', 'Yes', 'Home', 'No', 'Yes', 'Commute(Jeep, Taxi, Angkas, etc.)', '1 ride', 'Less than 30 minutes', 'Tired and Sleepy', 'Commute(Jeep, Taxi, Angkas, etc.)', '1 ride', 'Less than 30 minutes', 'Dreading Assignments', 'I was going to choose CS but i heard with IT you can have more range with what jobs you can get, but my goal was to know how to code and program anyway because I had a lot of interest in games and wanted to figure out how they made these games.'), 
	('233174814', 'BS Information Technology', '1st year', '', '', 'Erica Jean S. Abadinas', 'Face-to-face', 'Yes', 'CIT-U Special Academic Scholarship (Cebu City National Science High School Graduates/ Philippine Science High School Graduates);', 'No', '', 'Yes', 'Yes', 'Home', 'Yes', 'Yes', 'Personal(Car, Bike, Motorcycle, etc.)', '', 'Less than 30 minutes', 'Tired and Sleepy', 'Personal(Car, Bike, Motorcycle, etc.)', '', 'Less than 30 minutes', 'Dreading Assignments', 'It is a good school for my course'),
	('237098245', 'BS Information Technology', '1st year', '', '', 'Erica Jean S. Abadinas', 'Face-to-face', 'No', '', 'No', '', 'Yes', 'Yes', 'Home', 'No', 'No', 'Commute(Jeep, Taxi, Angkas, etc.)', '2 rides', '1 hour - 2 hours', 'Tired and Sleepy', 'Commute(Jeep, Taxi, Angkas, etc.)', '2 rides', '1 hour - 2 hours', 'Dreading Assignments', 'It has always been my passion and i was influenced by my family relatives who graduated with the same degree.'),
	('232708807', 'BS Information Technology', '1st year', '', '', 'Erica Jean S. Abadinas', 'Face-to-face', 'No', '', 'No', '', 'No', 'Yes', 'Home', 'No', 'Yes', 'Commute(Jeep, Taxi, Angkas, etc.)', '1 ride', '30 minutes to 1 hour', 'Excited and Happy', 'Commute(Jeep, Taxi, Angkas, etc.)', '1 ride', '30 minutes to 1 hour', 'Tired and Lazy', '"Because i would like to know coding but for me its very hard to learn because im a slow learner person and its hard for me to learn it quick but im trying my best to learn programming.'),
	('213920383', 'BS Information Technology', '1st year', '', '', 'Erica Jean S. Abadinas', 'Face-to-face', 'Yes', 'Cebu City Scholarship;', 'No', '', 'Yes', 'Yes', 'Home', 'Yes', 'Yes', 'Walk', '', 'Less than 30 minutes', 'Excited and Happy', 'Walk', '', 'Less than 30 minutes', 'Relieved and Happy', 'Even though this course is hard I still find it challenging and at the same time it makes me more feel excite and willing to learn more.'),
	('233045817', 'BS Information Technology', '1st year', '', '', 'Erica Jean S. Abadinas', 'Face-to-face', 'No', '', 'No', '', 'Yes', 'Yes', 'Home', 'Yes', 'Yes', 'Commute(Jeep, Taxi, Angkas, etc.)', '2 rides', '1 hour - 2 hours', 'Tired and Sleepy', 'Commute(Jeep, Taxi, Angkas, etc.)', '2 rides', '1 hour - 2 hours', 'Tired and Lazy', 'It is where I can see myself being comfortable at'),
	('233030981', 'BS Information Technology', '1st year', '', '', 'Erica Jean S. Abadinas', 'Face-to-face', 'No', '', 'Yes', 'C#;Lua, Rust, and Python;', 'No', 'Yes', 'Home', 'Yes', 'Yes', 'Commute(Jeep, Taxi, Angkas, etc.)', '2 rides', '30 minutes to 1 hour', 'Tired and Sleepy', 'Commute(Jeep, Taxi, Angkas, etc.)', '2 rides', '30 minutes to 1 hour', 'Dreading Assignments', 'Learn Robotics, Make games, to invest and have consistent salary, and freelance from company abroad, so triple the salary'),
	('233422570', 'BS Information Technology', '1st year', '', '', 'Erica Jean S. Abadinas', 'Face-to-face', 'Yes', 'Cebu City Scholarship;', 'No', '', 'Yes', 'Yes', 'Home', 'Yes', 'Yes', 'Walk', '', 'Less than 30 minutes', 'Excited and Happy', 'Walk', '', 'Less than 30 minutes', 'Tired and Lazy', 'To follow my dream and learn especially on technology because our world is evolving and we depend more on technology '),
	('170440799', 'BS Information Technology', '1st year', '', '', 'Erica Jean S. Abadinas', 'Face-to-face', 'Yes', 'Cebu City Scholarship;', 'No', '', 'Yes', 'Yes', 'Home', 'Yes', 'No', 'Commute(Jeep, Taxi, Angkas, etc.)', '1 ride', 'Less than 30 minutes', 'Tired and Sleepy', 'Commute(Jeep, Taxi, Angkas, etc.)', '2 rides', 'Less than 30 minutes', 'Tired and Lazy', 'I want to be able to enhance my skills in terms of the digital world. I want to be in an industry that best fits in the world today.'),
	('170945255', 'BS Information Technology', '1st year', '', '', 'Erica Jean S. Abadinas', 'Face-to-face', 'No', '', 'No', '', 'Yes', 'Yes', 'Home', 'No', 'No', 'Walk', '', 'Less than 30 minutes', 'Tired and Sleepy', 'Walk', '', 'Less than 30 minutes', 'Relieved and Happy', 'I chose to pursue a Bachelor of Science in Information Technology (BSIT) due to its practicality. In today''s rapidly evolving technological landscape, IT skills are in high demand across various industries. '),
	('201140187', 'BS Information Technology', '1st year', '', '', 'Erica Jean S. Abadinas', 'Face-to-face', 'Yes', 'DOST Scholarship;', 'No', '', 'Yes', 'Yes', 'Home', 'No', 'Yes', 'Walk', '', 'Less than 30 minutes', 'Excited and Happy', 'Walk', '', 'Less than 30 minutes', 'Dreading Assignments', 'I decided to pursue IT because I am interested in Technology and aside from that is because of the demand and the salary in the near future. '), 
	('232073528', 'BS Information Technology', '1st year', '', '', 'Erica Jean S. Abadinas', 'Face-to-face', 'No', '', 'No', '', 'Yes', 'Yes', 'Home', 'Yes', 'Yes', 'Commute(Jeep, Taxi, Angkas, etc.)', '2 rides', '30 minutes to 1 hour', 'Tired and Sleepy', 'Commute(Jeep, Taxi, Angkas, etc.)', '2 rides', '30 minutes to 1 hour', 'Dreading Assignments', 'I remembered during JHS that we had a subject on programming and I was entranced about how each code execute and how technology is so fascinating to work on. The continuous evolution and impact of technology on various industries make it an exciting and dynamic field to explore and specialize in.'), 
	('231302875', 'BS Information Technology', '1st year', '', '', 'Erica Jean S. Abadinas', 'Face-to-face', 'No', '', 'No', '', 'No', 'Yes', 'Home', 'Yes', 'No', 'Commute(Jeep, Taxi, Angkas, etc.)', '1 ride', '1 hour - 2 hours', 'Tired and Sleepy', 'Commute(Jeep, Taxi, Angkas, etc.)', '2 rides', '1 hour - 2 hours', 'Tired and Lazy', 'high salary'), 
	('235403973', 'BS Information Technology', '1st year', '', '', 'Kenn Migan Vincent C. Gumonan', 'Face-to-face', 'No', '', 'No', '', 'Yes', 'No', 'Home', 'No', 'Yes', 'Commute(Jeep, Taxi, Angkas, etc.)', '1 ride', '30 minutes to 1 hour', 'Tired and Sleepy', 'Commute(Jeep, Taxi, Angkas, etc.)', '1 ride', '30 minutes to 1 hour', 'Tired and Lazy', 'N/A'), 
	('231018639', 'BS Information Technology', '1st year', '', '', 'Erica Jean S. Abadinas', 'Hybrid (Online + Face-to-face)', 'No', '', 'No', '', 'Yes', 'Yes', 'Boarding House', 'No', 'No', 'Commute(Jeep, Taxi, Angkas, etc.)', '1 ride', 'Less than 30 minutes', 'Excited and Happy', 'Commute(Jeep, Taxi, Angkas, etc.)', '1 ride', 'Less than 30 minutes', 'Relieved and Happy', 'I pursued IT for its abundant job opportunities and diverse career paths, drawn to the dynamic and evolving nature of programming.');