GO

INSERT INTO Personal_Info(StudentId, LastName, FirstName, MiddleName, Address, FundSource, FundSourceType, Job, SalaryEnough, SalaryRange)
VALUES
	('215048994', 'Ong', 'Lovely Shane', 'Pameron', 'Cebu City', 'Parents/Guardians', '', '', '', ''),
	('231987729', 'Cararag', 'Trisha Raye', 'Verano', 'Cebu Province', 'Parents/Guardians', '', '', '', ''),
	('231165150', 'Verdida', 'Fateful', 'Dela Cruz', 'Cebu City', 'Parents/Guardians', '', '', '', ''),
	('236945985', 'Jordan', 'Daniel Russel', 'Oakes', 'Cebu Province', 'Parents/Guardians', '', '', '', ''),
	('233109286', 'Cambarihan', 'Archangel', 'Apurado', 'Cebu Province', 'Parents/Guardians', '', '', '', ''),
	('170545444', 'Lim', 'Michelu Tia', 'Abello ', 'Cebu City', 'Parents/Guardians', '', '', '', ''),
	('236892742', 'Camay', 'James', 'Palionay', 'Cebu Province', 'Parents/Guardians', '', '', '', ''),
	('232648343', 'Lapiña', 'Honey Fate', 'Maisog', 'Cebu City', 'Parents/Guardians', '', '', '', ''),
	('233018809', 'Del Castillo', 'Lilalene', 'Jusay', 'Cebu City', 'Parents/Guardians', '', '', '', ''),
	('231603575', 'Pacio', 'Muriel', 'Diongzon', 'Cebu City', 'Parents/Guardians', '', '', '', ''),
	('194004588', 'Idul', 'Carl Kevin', 'Gallardo', 'Cebu Province', 'Parents/Guardians', '', '', '', ''),
	('232079543', 'Hisoler', 'Rhegynne Leighlane ', 'Monsanto ', 'Cebu City', 'Parents/Guardians', '', '', '', ''),
	('231998921', 'Carcueva', 'Kurt Laurence', 'P.', 'Cebu Province', 'Parents/Guardians', '', '', '', ''),
	('232217877', 'Binagatan', 'Alexander Jr.', 'Bersano', 'Cebu City', 'Parents/Guardians', '', '', '', ''),
	('231754768', 'Base', 'Jascha', 'Billon', 'Cebu Province', 'Parents/Guardians', '', '', '', ''),
	('232772181', 'Acebes', 'Jared Sheohn', 'Legaspi', 'Cebu City', 'Parents/Guardians', '', '', '', ''),
	('232753290', 'Espelita', 'Gabriel Lyle', 'Zapanta', 'Cebu Province', 'Parents/Guardians', '', '', '', ''),
	('231479398', 'Enario', 'Lance Joseph Lorenz', 'Selgas', 'Cebu City', 'Parents/Guardians', '', '', '', ''),
	('233280395', 'Emia', 'Seth Nathaniel', 'Galacio', 'Cebu City', 'Parents/Guardians', '', '', '', ''),
	('232076731', 'Dy', 'Zendy', 'Lara', 'Cebu Province', 'Parents/Guardians', '', '', '', ''),
	('232159735', 'Borgonia', 'John Dymier', 'Osorio', 'Cebu City', 'Parents/Guardians', '', '', '', ''),
	('201843115', 'Gabutan', 'David', 'Navarce ', 'Cebu City', 'Parents/Guardians', '', '', '', ''),
	('233217874', 'Alvarado', 'Carl Joseph', 'Balabala', 'Cebu Province', 'Parents/Guardians', '', '', '', ''),
	('232851520', 'Mendoza', 'Mary Grace', 'Langco', 'Cebu City', 'Parents/Guardians', '', '', '', ''),
	('232297300', 'Casas', 'Elissa Mae', 'Buenvenida ', 'Cebu City', 'Parents/Guardians', '', '', '', ''),
	('233047534', 'Jacalan', 'Aaron Rey', 'A.', 'Cebu City', 'Parents/Guardians', '', '', '', ''),
	('183084285', 'Layese', 'Hannah Niah', 'Maru', 'Cebu City', 'Parents/Guardians', '', '', '', ''),
	('232691735', 'Cansico', 'Trisha Mae', 'Capin', 'Cebu City', 'Parents/Guardians', '', '', '', ''),
	('236451315', 'Ancheta', 'Kent Vincent', 'Gailanan', 'Cebu City', 'Parents/Guardians', '', '', '', ''),
	('235199828', 'Gimarino', 'Claire Ann', 'Diez', 'Cebu Province', 'Parents/Guardians', '', '', '', ''),
	('235762459', 'Casipong', 'Jon Mari', 'Arañas', 'Cebu City', 'Parents/Guardians', '', '', '', ''),
	('235669609', 'Manigos', 'Charlie', 'Mendez', 'Cebu City', 'Parents/Guardians', '', '', '', ''),
	('195529442', 'Degamo', 'Kyean Russelle', 'Cervantes', 'Cebu City', 'Parents/Guardians', '', '', '', ''),
	('233917543', 'Kierulf', 'Kelvin Pehrson', 'Ponce', 'Cebu Province', 'Parents/Guardians', '', '', '', ''),
	('234383545', 'Caralde', 'Jeesandee Joseph', 'Ubanan', 'Cebu City', 'Parents/Guardians', '', '', '', ''),
	('215714872', 'Elca', 'Angelo', 'Lico', 'Cebu City', 'Me', 'Private Work', 'Investment', 'Yes', 'greater than 15,000'),
	('234601608', 'Olodin', 'Krizza Beth', 'Martinez', 'Cebu City', 'Parents/Guardians', '', '', '', ''),
	('233952209', 'Colina', 'Kirsten', 'Maybritt', 'Cebu City', 'Parents/Guardians', '', '', '', ''),
	('232416830', 'Arbiol ', 'John Lyster ', 'Tan', 'Outside Cebu', 'Parents/Guardians', '', '', '', ''),
	('201140024', 'Erojo', 'Richimir', 'Badilles', 'Cebu City', 'Parents/Guardians', '', '', '', ''),
	('234184587', 'Cabungcag', 'Vince Astly', 'Nacar', 'Cebu Province', 'Parents/Guardians', '', '', '', ''),
	('130498411', 'Lee', 'Karl John', 'Mantigue', 'Cebu City', 'Parents/Guardians', '', '', '', ''),
	('233570713', 'Lomocso', 'Austine John', 'Padro', 'Cebu Province', 'Parents/Guardians', '', '', '', ''),
	('233389370', 'Tabernero', 'Shervin Dale', 'Maupo', 'Cebu Province', 'Parents/Guardians', '', '', '', ''),
	('233693138', 'Perez', 'John Clyde', 'Jabagat', 'Cebu City', 'Parents/Guardians', '', '', '', ''),
	('201140029', 'Plando', 'Kyle', 'Nocos', 'Cebu City', 'Parents/Guardians', '', '', '', ''),
	('225330924', 'Gallardo', 'Eduard Ken ', 'Yso', 'Cebu City', 'Parents/Guardians', '', '', '', ''),
	('234739174', 'Licuanan', 'Kristine Ysabel', 'Ortega', 'Cebu City', 'Parents/Guardians', '', '', '', ''),
	('234205826', 'Pinca', 'Jamiel Kyne', 'Rondez', 'Cebu Province', 'Parents/Guardians', '', '', '', ''),
	('234515683', 'Ano-os', 'Iesus Rey', 'Algarme', 'Cebu City', 'Parents/Guardians', '', '', '', ''),
	('233429486', 'Arco', 'Joshua', 'D.', 'Cebu Province', 'Parents/Guardians', '', '', '', ''),
	('234496954', 'Ewican', 'James', 'Oralde', 'Cebu City', 'Parents/Guardians', '', '', '', ''),
	('233855504', 'Revelo', 'Camilo Greg', 'Pante', 'Cebu City', 'Parents/Guardians', '', '', '', ''),
	('234078311', 'Morales', 'Dilton Rowan', 'Suico', 'Cebu City', 'Parents/Guardians', '', '', '', ''),
	('222097673', 'Milleza', 'Jervin Ryle', 'Inoc', 'Cebu Province', 'Parents/Guardians', '', '', '', ''),
	('212600934', 'Doble', 'Reynald Anthony', 'Cuyos', 'Cebu Province', 'Parents/Guardians', '', '', '', ''),
	('213082308', 'Pansacala', 'Jhon Warren', 'Capote', 'Cebu City', 'Parents/Guardians', '', '', '', ''),
	('211224254', 'Bigno', 'Richemmae', 'Valle', 'Cebu City', 'Parents/Guardians', '', '', '', ''),
	('230527402', 'Adolfo', 'Lee Jasmin', 'Ramirez', 'Cebu City', 'Parents/Guardians', '', '', '', ''),
	('231160434', 'Barcelon', 'Jhon Nicole', 'Jabonillo', 'Cebu Province', 'Parents/Guardians', '', '', '', ''),
	('234188468', 'Sayson', 'John Michael', 'Robledo', 'Cebu City', 'Parents/Guardians', '', '', '', ''),
	('231957693', 'Boniel', 'Symeon Joshua', 'Navales', 'Cebu Province', 'Parents/Guardians', '', '', '', ''),
	('231597784', 'Policios', 'Andre', 'Cruz', 'Cebu Province', 'Parents/Guardians', '', '', '', ''),
	('231648595', 'Sarsonas', 'Kervin Gino', 'Mosquera', 'Cebu Province', 'Me', 'Private Work', 'Assistant Scuba Diver', 'No', 'less than 5,000'),
	('235711257', 'Sultan', 'April John ', 'A.', 'Cebu Province', 'Parents/Guardians', '', '', '', ''),
	('232290733', 'Habon', 'Michelle Marie', 'Palacio', 'Cebu City', 'Me', 'Non-Academic Scholars (NAS)', '', '', ''),
	('231982527', 'Laurente', 'Dien Michael ', 'Miao', 'Cebu City', 'Parents/Guardians', '', '', '', ''),
	('232442334', 'Daal', 'Wyben', 'Casquejo ', 'Cebu City', 'Parents/Guardians', '', '', '', ''),
	('234358139', 'Guadiana', 'Sherielyn', 'Cabugwas', 'Cebu City', 'Parents/Guardians', '', '', '', ''),
	('200140043', 'Mendoza', 'Rafael', 'Ababat', 'Cebu City', 'Parents/Guardians', '', '', '', ''),
	('235102415', 'Diez', 'Mechaela Sofia', 'A.', 'Cebu City', 'Parents/Guardians', '', '', '', ''),
	('170338635', 'Archival', 'Shane Nathan', 'Buot', 'Cebu City', 'Parents/Guardians', '', '', '', ''),
	('120470443', 'Migallos', 'Florence Azriel', 'Roperos', 'Cebu City', 'Parents/Guardians', '', '', '', ''),
	('232302526', 'Aloria', 'Sophia Bianca', 'N/A', 'Cebu Province', 'Parents/Guardians', '', '', '', ''),
	('231924354', 'Sabornido', 'Xavier John', 'Alcontin', 'Cebu City', 'Parents/Guardians', '', '', '', ''),
	('207429858', 'Ramos', 'Jeremiah', 'Tiston', 'Cebu City', 'Parents/Guardians', '', '', '', ''),
	('232047462', 'Agad', 'Mark laurence', 'Libor', 'Cebu Province', 'Parents/Guardians', '', '', '', ''),
	('231805297', 'Vergara', 'Keenan Ravic', 'Aguilar', 'Cebu City', 'Parents/Guardians', '', '', '', ''),
	('231795734', 'Villas', 'Ervin Louis', 'Bansag', 'Cebu City', 'Parents/Guardians', '', '', '', ''),
	('233757111', 'Monteclaro', 'Kurt David', 'Mag-isa', 'Cebu City', 'Parents/Guardians', '', '', '', ''),
	('235442132', 'Dakay', 'Shanly', 'Lariosa', 'Cebu Province', 'Parents/Guardians', '', '', '', ''),
	('235852966', 'Gorre', 'Christian James', 'N/A', 'Cebu Province', 'Parents/Guardians', '', '', '', ''),
	('2017011848', 'Sia', 'David Ryan ', 'Danag', 'Cebu City', 'Parents/Guardians', '', '', '', ''),
	('235952883', 'Ranido', 'Mitch', 'Apurado', 'Cebu City', 'Parents/Guardians', '', '', '', ''),
	('231925986', 'Abel', 'Zydric', 'Quimbo', 'Cebu City', 'Parents/Guardians', '', '', '', ''),
	('232250144', 'Fernandez', 'Homer', 'Ortega', 'Outside Cebu', 'Parents/Guardians', '', '', '', ''),
	('231934189', 'Armamento', 'Justin Rey', 'Lariego', 'Cebu Province', 'Parents/Guardians', '', '', '', ''),
	('232256994', 'Quijano', 'Gia Meggie', 'Maaghop', 'Cebu City', 'Parents/Guardians', '', '', '', ''),
	('232081111', 'Uy', 'Emman Jay', 'Cañaveral', 'Cebu City', 'Parents/Guardians', '', '', '', ''),
	('232426543', 'Rabe', 'Pranz Nicole', 'Cañete', 'Cebu Province', 'Parents/Guardians', '', '', '', ''),
	('232082220', 'Mahinay', 'Francis Kyle', 'Gines', 'Cebu Province', 'Parents/Guardians', '', '', '', ''),
	('232357568', 'Elorde', 'Earl Jhon Kenneth', 'Sorondo', 'Cebu City', 'Parents/Guardians', '', '', '', ''),
	('230514783', 'Cordero', 'Camila Rose', 'Adlawan', 'Cebu City', 'Me', 'Private Work', 'Social Media Manager', 'Yes', '8,000 to 10,000'),
	('232517769', 'Macopia', 'Gerad Emeka', 'Tamarra', 'Cebu City', 'Parents/Guardians', '', '', '', ''),
	('232013950', 'Lapiz', 'Ailyn', 'Canoy ', 'Cebu City', 'Parents/Guardians', '', '', '', ''),
	('231962676', 'Capuras', 'John Miklos', 'Mendez', 'Cebu Province', 'Parents/Guardians', '', '', '', ''),
	('232635609', 'cabahug', 'clarence', 'N/A', 'Cebu Province', 'Parents/Guardians', '', '', '', ''),
	('218410880', 'Taray', 'Julius Andre', 'Mabala', 'Cebu Province', 'Parents/Guardians', '', '', '', ''),
	('230761533', 'Capanpan ', 'Nicolyn ', 'Tampus', 'Cebu City', 'Parents/Guardians', '', '', '', ''),
	('230246135', 'Labaya ', 'Godwin ', 'Monteverde ', 'Cebu City', 'Parents/Guardians', '', '', '', ''),
	('232684947', 'Aligato', 'Zander', 'Navarro', 'Cebu City', 'Parents/Guardians', '', '', '', ''),
	('230330749', 'Nuevas', 'Josh Anton', 'Kanen', 'Cebu City', 'Parents/Guardians', '', '', '', ''),
	('230112653', 'Saligue', 'Kean Maverick', 'Wabina', 'Cebu City', 'Parents/Guardians', '', '', '', ''),
	('230851107', 'Masendo', 'Lyndon', 'V.', 'Cebu City', 'Parents/Guardians', '', '', '', ''),
	('231486900', 'Mayuela', 'Judd Kristoffer', 'N/A', 'Cebu Province', 'Parents/Guardians', '', '', '', ''),
	('230267319', 'Pangilinan', 'Vein Carmell', 'Golo', 'Cebu City', 'Parents/Guardians', '', '', '', ''),
	('230837809', 'Maldo', 'Nicco Victor', 'Pesa', 'Cebu City', 'Parents/Guardians', '', '', '', ''),
	('230057927', 'Rellon', 'Elijah Thomas', 'N.', 'Cebu Province', 'Parents/Guardians', '', '', '', ''),
	('230641447', 'Dibdib', 'Wayne Kenji', 'Bajarias ', 'Cebu Province', 'Parents/Guardians', '', '', '', ''),
	('234686868', 'Mantilla', 'Jhondy', 'Dain', 'Cebu City', 'Parents/Guardians', '', '', '', ''),
	('230711470', 'Maestrado', 'Ralph Keane', 'Abaniel ', 'Cebu Province', 'Parents/Guardians', '', '', '', ''),
	('231151936', 'Larida', 'Mary Maebelle ', 'Alisoso', 'Cebu Province', 'Parents/Guardians', '', '', '', ''),
	('230866858', 'Jaducana', 'Richelle', 'Bañaga', 'Cebu Province', 'Parents/Guardians', '', '', '', ''),
	('230716981', 'Coritico', 'Samantha Zhyre', 'Corciega', 'Cebu City', 'Parents/Guardians', '', '', '', ''),
	('230706415', 'Yray', 'Philbert', 'N/A', 'Cebu City', 'Parents/Guardians', '', '', '', ''),
	('237074895', 'Anova', 'Ruben Carlo Alessandri', 'Modina', 'Cebu City', 'Parents/Guardians', '', '', '', ''),
	('230100845', 'Cauban', 'John Andrew', 'Juanico', 'Cebu City', 'Parents/Guardians', '', '', '', ''),
	('231009711', 'Macansantos', 'Axcelson', 'Odchigue', 'Cebu Province', 'Parents/Guardians', '', '', '', ''),
	('230695527', 'Ruperez ', 'Raymart ', 'Naparate', 'Cebu Province', 'Parents/Guardians', '', '', '', ''),
	('231213960', 'Ursulo', 'Lichael Yashua', 'Escala', 'Cebu City', 'Parents/Guardians', '', '', '', ''),
	('231010477', 'Banico', 'Joseph James', 'Tabanao', 'Cebu Province', 'Parents/Guardians', '', '', '', ''),
	('230076146', 'Buot', 'Leslee Jezzel', 'Largo', 'Cebu City', 'Parents/Guardians', '', '', '', ''),
	('230529787', 'Benolirao ', 'Clyde ', 'Cabaluna ', 'Cebu Province', 'Parents/Guardians', '', '', '', ''),
	('230185503', 'Cahiyang', 'Gabriel', 'Barquio', 'Cebu City', 'Parents/Guardians', '', '', '', ''),
	('231315571', 'Cabasag', 'Ma. Melessa', 'Villas', 'Cebu Province', 'Parents/Guardians', '', '', '', ''),
	('230225681', 'Caones', 'Lerah', 'Arpon', 'Cebu City', 'Parents/Guardians', '', '', '', ''),
	('230345916', 'Libato', 'Michael Grant', 'Saldon', 'Cebu City', 'Parents/Guardians', '', '', '', ''),
	('230952972', 'Salonga', 'Andre', 'Devero', 'Cebu Province', 'Parents/Guardians', '', '', '', ''),
	('230197396', 'Gaviola', 'John Michael ', 'Rosellosa', 'Cebu City', 'Parents/Guardians', '', '', '', ''),
	('231121678', 'Apor', 'Ken Ferry Louie', 'Avenido', 'Cebu Province', 'Parents/Guardians', '', '', '', ''),
	('201040027', 'Abadinas', 'Treasure Louise ', 'Soberano', 'Cebu City', 'Parents/Guardians', '', '', '', ''),
	('231156855', 'Alia', 'Myron Deandre', 'Gallardo', 'Cebu City', 'Parents/Guardians', '', '', '', ''),
	('233773764', 'Barcenas', 'Jon Vic', 'Torres', 'Cebu City', 'Parents/Guardians', '', '', '', ''),
	('230209694', 'Dabalos', 'Erica', 'Y.', 'Cebu Province', 'Parents/Guardians', '', '', '', ''),
	('207631433', 'Cenas', 'Cassius', 'Layan', 'Cebu Province', 'Me', 'Private Work', 'Online reseller', 'No', 'less than 5,000'),
	('231889639', 'Dabon', 'Kenn Xavier', 'Cabonilas', 'Cebu Province', 'Parents/Guardians', '', '', '', ''),
	('230801572', 'Igonia', 'Ashley', '-', 'Cebu City', 'Parents/Guardians', '', '', '', ''),
	('236163279', 'Bigtasin', 'Van Andrae', 'Palmares', 'Cebu Province', 'Parents/Guardians', '', '', '', ''),
	('236693453', 'Riambon', 'Regy', 'Catay', 'Cebu City', 'Parents/Guardians', '', '', '', ''),
	('233529427', 'Larita', 'Franzlee', 'Monreal', 'Cebu Province', 'Parents/Guardians', '', '', '', ''),
	('236345966', 'Baril', 'Joygen', 'Bantay', 'Cebu City', 'Parents/Guardians', '', '', '', ''),
	('236684160', 'Amoguis', 'Philma Jenica', 'Bustamante', 'Cebu City', 'Parents/Guardians', '', '', '', ''),
	('236492687', 'Bebita', 'Kent Michael', 'Estrella', 'Cebu City', 'Parents/Guardians', '', '', '', ''),
	('230148359', 'Tabanas', 'Prince Daniel', 'Rejano', 'Cebu City', 'Parents/Guardians', '', '', '', ''),
	('236786523', 'Delos Reyes', 'Karl Christian', 'Oralde', 'Cebu City', 'Parents/Guardians', '', '', '', ''),
	('232220418', 'Soco', 'Kurt ', 'Kabalican', 'Cebu City', 'Parents/Guardians', '', '', '', ''),
	('236379922', 'Baculi', 'Mieann', 'Malaga ', 'Cebu City', 'Parents/Guardians', '', '', '', ''),
	('213398579', 'Briz', 'Danniel Roque', 'Tuñacao', 'Cebu Province', 'Parents/Guardians', '', '', '', ''),
	('236061203', 'Baul', ' Elan Sheremak', 'Dael', 'Outside Cebu', 'Parents/Guardians', '', '', '', ''),
	('234200947', 'Soten', 'Emelhie', 'Yfanto', 'Cebu City', 'Parents/Guardians', '', '', '', ''),
	('236700709', 'Najarro', 'Monica', 'Ancajas', 'Cebu City', 'Parents/Guardians', '', '', '', ''),
	('236586877', 'Francisco', 'Shalaica ', 'Vargas', 'Cebu Province', 'Parents/Guardians', '', '', '', ''),
	('236808546', 'Rubio', 'Jecie Jade', 'B.', 'Cebu Province', 'Parents/Guardians', '', '', '', ''),
	('201477175', 'Geraldez', 'Junjie', 'Lapiz', 'Cebu Province', 'Parents/Guardians', '', '', '', ''),
	('236845234', 'Matsuda', 'Joji', 'Oliverio', 'Cebu City', 'Parents/Guardians', '', '', '', ''),
	('236835448', 'Ballener', 'John Mark', 'Delalamon', 'Cebu Province', 'Parents/Guardians', '', '', '', ''),
	('170726103', 'Amad', 'Karylle', 'V.', 'Cebu City', 'Me', 'Private Work', 'Online reseller', 'No', 'less than 5,000'),
	('233308981', 'Justimbaste', 'Josh', 'Golez', 'Cebu City', 'Parents/Guardians', '', '', '', ''),
	('201140035', 'Abelgas ', 'Francis Carl', 'Dumagan', 'Cebu City', 'Parents/Guardians', '', '', '', ''),
	('214285868', 'Castillo', 'Teodoro Jr.', 'Dinoy', 'Cebu City', 'Parents/Guardians', '', '', '', ''),
	('233163213', 'Secong', 'Marc Benn', 'Bagoyado', 'Cebu City', 'Parents/Guardians', '', '', '', ''),
	('232958771', 'Lagamo', 'Elvin', 'Opalla', 'Outside Cebu', 'Parents/Guardians', '', '', '', ''),
	('212663704', 'Capadngan', 'Bryan Kim', 'Vidad', 'Cebu City', 'Me', 'Private Work', 'BPO/Customer Service ', 'No', '10,000 to 15,000'),
	('236562740', 'Ceballos', 'Johnlex', 'Gonzaga', 'Cebu City', 'Parents/Guardians', '', '', '', ''),
	('230170798', 'Loy', 'Andrei Sam', 'Planco', 'Cebu City', 'Parents/Guardians', '', '', '', ''),
	('211874319', 'Bullo', 'Christian Dave', 'Mayol', 'Cebu Province', 'Parents/Guardians', '', '', '', ''),
	('234803498', 'Azcuna', 'Christian Joel', 'De Llanderal', 'Cebu City', 'Parents/Guardians', '', '', '', ''),
	('233174814', 'Estrera', 'Michaela Ma. Alexa', 'Densing', 'Cebu City', 'Parents/Guardians', '', '', '', ''),
	('237098245', 'Maquiling', 'Mary Grace', 'Gorrero', 'Cebu City', 'Parents/Guardians', '', '', '', ''),
	('232708807', 'Mendez', 'Edichar', 'Abreu', 'Cebu Province', 'Parents/Guardians', '', '', '', ''),
	('213920383', 'Sevilla', 'John Emmanuel', 'S.', 'Cebu City', 'Parents/Guardians', '', '', '', ''),
	('233045817', 'Ogang', 'Jorge Martin ', 'Matiga', 'Cebu Province', 'Parents/Guardians', '', '', '', ''),
	('233030981', 'Cortes', 'Isaac Raphael ', 'P.', 'Cebu Province', 'Parents/Guardians', '', '', '', ''),
	('233422570', 'Pacaña', 'Clint', 'N/A', 'Cebu City', 'Parents/Guardians', '', '', '', ''),
	('170440799', 'Catamco', 'Danise Bianca', 'Bulado', 'Cebu City', 'Parents/Guardians', '', '', '', ''),
	('170945255', 'Daclan', 'Rusty Summer', '-', 'Cebu City', 'Parents/Guardians', '', '', '', ''),
	('201140187', 'Galo', 'Margel Destine Krizia ', 'Flaviano', 'Cebu City', 'Parents/Guardians', '', '', '', ''),
	('232073528', 'Lao', 'Hilary Danne', 'Chapa', 'Cebu Province', 'Parents/Guardians', '', '', '', ''),
	('231302875', 'Dela Cruz', 'Rohana Jane', 'Emit', 'Cebu City', 'Parents/Guardians', '', '', '', ''),
	('235403973', 'Dialimas ', 'Nirhven Kyle', 'Cababat ', 'Cebu Province', 'Parents/Guardians', '', '', '', ''),
	('231018639', 'Cortado', 'Reynan', 'Sapilan', 'Cebu Province', 'Parents/Guardians', '', '', '', '');

INSERT INTO Family_Profile(StudentId, MotherOccupation ,FatherOccupation, TotalIncome, TotalSiblings, ParentDependentSiblings, GraduatedSiblings)
VALUES
	('215048994', 'Other', 'Other', '9,100 to 18,200', '1', '2', '0'),
	('231987729', 'Administration/Office Support', 'Other', '63,700 to 109,200', '1', '1', '0'),
	('231165150', 'Sales and Retail', 'Finance and Accounting', '36,400 to 63,700', '2', '2', '0'),
	('236945985', 'Other', 'Deceased', '36,400 to 63,700', '1', '1', '0'),
	('233109286', 'Management/Supervision', 'Other', '18,200 to 36,400', '1', '1', '0'),
	('170545444', 'Management/Supervision', 'Management/Supervision', '18,200 to 36,400', '2', '2', '0'),
	('236892742', 'Other', 'Hospitality', '18,200 to 36,400', '3', '3', '0'),
	('232648343', 'Sales and Retail ', 'Sales and Retail', '18,200 to 36,400', '3', '3', '0'),
	('233018809', 'Other', 'Driver', '18,200 to 36,400', '3', '0', '3'),
	('231603575', 'Other', 'OFW', '63,700 to 109,200', '1', '1', '0'),
	('194004588', 'Other', 'Skilled Trades/Technical', 'Less than 9,100', '4', '2', '2'),
	('232079543', 'Other', 'Education', '18,200 to 36,400', '5', '1', '4'),
	('231998921', 'Hospitality', 'Skilled Trades/Technical', '18,200 to 36,400', '2', '2', '0'),
	('232217877', 'Sales and Retail', 'Government and Community Services', '9,100 to 18,200', '7', '3', '5'),
	('231754768', 'Other', 'Management/Supervision', '36,400 to 63,700', '1', '1', '0'),
	('232772181', 'Finance and Accounting', 'Architecture and Engineering', '109,200 to 182,000', '5', '5', '0'),
	('232753290', 'Finance and Accounting', 'Information Technology', '63,700 to 109,200', '3', '3', '0'),
	('231479398', 'Sales and Retail', 'Management/Supervision', 'Above 182,000', '4', '1', '3'),
	('233280395', 'Management/Supervision', 'N/A', '9,100 to 18,200', '1', '1', '0'),
	('232076731', 'Small Management/Supervision', 'N/A', '18,200 to 36,400', '5', '0', '5'),
	('232159735', 'Other', 'Administration/Office Support', '36,400 to 63,700', '3', '3', '0'),
	('201843115', 'N/A', 'N/A', '63,700 to 109,200', '9', '1', '5'),
	('233217874', 'Other', 'Driver', 'Less than 9,100', '1', '1', '0'),
	('232851520', 'Other', 'Skilled Trades/Technical', 'Less than 9,100', '1', '0', '0'),
	('232297300', 'Other', 'N/A', '9,100 to 18,200', '2', '1', '1'),
	('233047534', 'Other', 'Government and Community Services', '63,700 to 109,200', '3', '3', '0'),
	('183084285', 'Other', 'Architecture and Engineering', '63,700 to 109,200', '1', '1', '0'),
	('232691735', 'Other', 'Management/Supervision', '18,200 to 36,400', '2', '1', '1'),
	('236451315', 'Sales and Retail', 'Finance and Accounting', '63,700 to 109,200', '3', '2', '0'),
	('235199828', 'Other', 'Skilled Trades/Technical', 'Less than 9,100', '1', '1', '1'),
	('235762459', 'Education', 'Unemployed', '18,200 to 36,400', '4', '4', '0'),
	('235669609', 'N/A', 'N/A', '36,400 to 63,700', '1', '1', '1'),
	('195529442', 'Other', 'Architecture and Engineering', 'Above 182,000', '3', '2', '1'),
	('233917543', 'Education', 'N/A', '109,200 to 182,000', '6', '2', '3'),
	('234383545', 'Administration/Office Support', 'N/A', '9,100 to 18,200', '2', '2', '0'),
	('215714872', 'N/A', 'Architecture and Engineering', '63,700 to 109,200', '4', '0', '3'),
	('234601608', 'Management/Supervision', 'N/A', '36,400 to 63,700', '3', '2', '1'),
	('233952209', 'Other', 'Architecture and Engineering', '63,700 to 109,200', '2', '2', '0'),
	('232416830', 'Other', 'Deceased', '18,200 to 36,400', '2', '1', '1'),
	('201140024', 'OFW', 'Management/Supervision', '63,700 to 109,200', '1', '1', '0'),
	('234184587', 'Education', 'Other', '36,400 to 63,700', '2', '1', '1'),
	('130498411', 'N/A', 'N/A', 'Above 182,000', '3', '3', '0'),
	('233570713', 'Customer Service', 'Skilled Trades/Technical', '36,400 to 63,700', '5', '5', '0'),
	('233389370', 'Education', 'OFW', '63,700 to 109,200', '2', '2', '0'),
	('233693138', 'Other', 'Other', '18,200 to 36,400', '6', '4', '2'),
	('201140029', 'Hospitality ', 'N/A', '9,100 to 18,200', '1', '1', '0'),
	('225330924', 'Other', 'Management/Supervision', '9,100 to 18,200', '2', '2', '0'),
	('234739174', 'Other', 'Management/Supervision', '63,700 to 109,200', '1', '1', '0'),
	('234205826', 'Other', 'Architecture and Engineering', '18,200 to 36,400', '2', '2', '0'),
	('234515683', 'Customer Service', 'N/A', '109,200 to 182,000', '3', '2', '1'),
	('233429486', 'Customer Service', 'N/A', '36,400 to 63,700', '4', '3', '1'),
	('234496954', 'Other', 'Other', 'Above 182,000', '3', '3', '0'),
	('233855504', 'Other', 'Finance and Accounting', '9,100 to 18,200', '2', '1', '1'),
	('234078311', 'Other', 'Architecture and Engineering', '63,700 to 109,200', '3', '1', '2'),
	('222097673', 'Government and Community Services', 'Government and Community Services', '109,200 to 182,000', '2', '2', '0'),
	('212600934', 'Education', 'Hospitality', '63,700 to 109,200', '2', '2', '0'),
	('213082308', 'Other', 'OFW', '9,100 to 18,200', '2', '2', '0'),
	('211224254', 'Education', 'Hospitality', '63,700 to 109,200', '3', '1', '1'),
	('230527402', 'N/A', 'Driver', 'Less than 9,100', '3', '2', '0'),
	('231160434', 'Other', 'Other', '9,100 to 18,200', '3', '2', '1'),
	('234188468', 'Other', 'Deceased', '36,400 to 63,700', '4', '1', '3'),
	('231957693', 'Sales and Retail', 'Hospitality', '63,700 to 109,200', '3', '2', '1'),
	('231597784', 'Healthcare', 'N/A', '36,400 to 63,700', '2', '2', '0'),
	('231648595', 'Sales and Retail', 'Hospitality', 'Above 182,000', '3', '3', '0'),
	('235711257', 'N/A', 'Other', '9,100 to 18,200', '5', '4', '1'),
	('232290733', 'N/A', 'N/A', 'Less than 9,100', '3', '1', '2'),
	('231982527', 'Other', 'Deceased', '9,100 to 18,200', '7', '1', '6'),
	('232442334', 'Other', 'Manufacturing and Production', 'Less than 9,100', '5', '4', '1'),
	('234358139', 'Other', 'Driver', '36,400 to 63,700', '3', '2', '1'),
	('200140043', 'Healthcare', 'Healthcare', '18,200 to 36,400', '4', '2', '2'),
	('235102415', 'Other', 'Driver', 'Less than 9,100', '11', '3', '4'),
	('170338635', 'Other', 'Unemployed', '9,100 to 18,200', '5', '1', '3'),
	('120470443', 'Administration/Office Support', 'N/A', '18,200 to 36,400', '1', '1', '0'),
	('232302526', 'Hospitality', 'Other', '18,200 to 36,400', '2', '2', '0'),
	('231924354', 'Other', 'Management/Supervision', '109,200 to 182,000', '4', '4', '0'),
	('207429858', 'Education', 'N/A', '18,200 to 36,400', '4', '2', '1'),
	('232047462', 'Government and Community Services', 'Skilled Trades/Technical', '36,400 to 63,700', '2', '2', '0'),
	('231805297', 'Unemployed', 'Hospitality', 'Above 182,000', '2', '2', '0'),
	('231795734', 'Sales and Retail', 'Management/Supervision', '36,400 to 63,700', '2', '2', '0'),
	('233757111', 'Administration/Office Support', 'Deceased', '9,100 to 18,200', '4', '3', '1'),
	('235442132', 'Other', 'Hospitality', '9,100 to 18,200', '3', '1', '2'),
	('235852966', 'N/A', 'N/A', 'Less than 9,100', '4', '4', '0'),
	('2017011848', 'N/A', 'Management/Supervision', '36,400 to 63,700', '2', '1', '1'),
	('235952883', 'N/A', 'Hospitality', '36,400 to 63,700', '3', '3', '0'),
	('231925986', 'OFW', 'Other', '36,400 to 63,700', '2', '2', '0'),
	('232250144', 'Other', 'Education', '63,700 to 109,200', '1', '1', '0'),
	('231934189', 'Other', 'Unemployed', 'Less than 9,100', '3', '1', '2'),
	('232256994', 'Administration/Office Support', 'Emergency Services/Military', '18,200 to 36,400', '2', '1', '0'),
	('232081111', 'Other', 'Sales and Retail', '9,100 to 18,200', '4', '2', '2'),
	('232426543', 'N/A', 'Emergency Services/Military', '18,200 to 36,400', '4', '1', '3'),
	('232082220', 'Education', 'Management/Supervision', '36,400 to 63,700', '2', '1', '0'),
	('232357568', 'Other', 'OFW', 'Above 182,000', '2', '2', '0'),
	('230514783', 'Other', 'N/A', '9,100 to 18,200', '3', '1', '0'),
	('232517769', 'Education', 'Hospitality', '63,700 to 109,200', '2', '2', '2'),
	('232013950', 'Other', 'Driver', '9,100 to 18,200', '4', '3', '0'),
	('231962676', 'Other', 'Skilled Trades/Technical', 'Less than 9,100', '2', '2', '0'),
	('232635609', 'Hospitality', 'N/A', '36,400 to 63,700', '4', '4', '0'),
	('218410880', 'OFW', 'Unemployed', 'Above 182,000', '1', '1', '0'),
	('230761533', 'Sales and Retail', 'N/A', 'Less than 9,100', '1', '1', '0'),
	('230246135', 'Other', 'Sales and Retail', 'Less than 9,100', '2', '1', '1'),
	('232684947', 'Government and Community Services', 'Unemployed', '18,200 to 36,400', '3', '2', '1'),
	('230330749', 'Education', 'Information Technology', '109,200 to 182,000', '2', '2', '0'),
	('230112653', 'Other', 'Hospitality', '109,200 to 182,000', '3', '2', '1'),
	('230851107', 'Other', 'Driver', '18,200 to 36,400', '1', '1', '0'),
	('231486900', 'Sales and Retail', 'N/A', '9,100 to 18,200', '1', '1', '0'),
	('230267319', 'Government and Community Services', 'Government and Community Services', '18,200 to 36,400', '3', '1', '2'),
	('230837809', 'Education', 'Education', '18,200 to 36,400', '2', '2', '0'),
	('230057927', 'Other', 'Other', '18,200 to 36,400', '1', '1', '0'),
	('230641447', 'Education', 'Management/Supervision', '18,200 to 36,400', '4', '2', '2'),
	('234686868', 'Other', 'OFW', '36,400 to 63,700', '2', '2', '0'),
	('230711470', 'Other', 'OFW', '109,200 to 182,000', '2', '2', '0'),
	('231151936', 'Other', 'Other', '63,700 to 109,200', '4', '4', '0'),
	('230866858', 'Other', 'N/A', '9,100 to 18,200', '3', '0', '2'),
	('230716981', 'Healthcare', 'Driver', '63,700 to 109,200', '1', '1', '0'),
	('230706415', 'Customer Service', 'N/A', 'Less than 9,100', '8', '7', '0'),
	('237074895', 'Other', 'Hospitality', '36,400 to 63,700', '2', '2', '0'),
	('230100845', 'Other', 'Driver', '18,200 to 36,400', '2', '2', '0'),
	('231009711', 'Sales and Retail', 'Sales and Retail', '36,400 to 63,700', '2', '2', '0'),
	('230695527', 'Manufacturing and Production', 'Manufacturing and Production', '36,400 to 63,700', '4', '4', '0'),
	('231213960', 'Administration/Office Support', 'N/A', '18,200 to 36,400', '3', '2', '1'),
	('231010477', 'Other', 'OFW', 'Above 182,000', '5', '5', '0'),
	('230076146', 'Other', 'Administration/Office Support', '18,200 to 36,400', '3', '3', '0'),
	('230529787', 'Other', 'Other', 'Less than 9,100', '1', '1', '0'),
	('230185503', 'Administration/Office Support ', 'Management/Supervision', '63,700 to 109,200', '4', '4', '0'),
	('231315571', 'Other', 'N/A', 'Above 182,000', '5', '2', '3'),
	('230225681', 'N/A', 'Government and Community Services', '18,200 to 36,400', '3', '1', '2'),
	('230345916', 'Education', 'Hospitality', 'Above 182,000', '3', '2', '1'),
	('230952972', 'Other', 'Hospitality', '109,200 to 182,000', '2', '2', '0'),
	('230197396', 'Other', 'N/A', '18,200 to 36,400', '3', '1', '2'),
	('231121678', 'Other', 'Driver', 'Less than 9,100', '1', '1', '0'),
	('201040027', 'Education', 'N/A', '36,400 to 63,700', '3', '2', '1'),
	('231156855', 'Government and Community Services', 'Emergency Services/Military', '63,700 to 109,200', '3', '3', '0'),
	('233773764', 'N/A', 'Other', '36,400 to 63,700', '6', '2', '2'),
	('230209694', 'Other', 'Manufacturing and Production', '36,400 to 63,700', '2', '2', '0'),
	('207631433', 'Architecture and Engineering', 'Architecture and Engineering', '18,200 to 36,400', '3', '2', '1'),
	('231889639', 'Other', 'Management/Supervision', '36,400 to 63,700', '2', '2', '0'),
	('230801572', 'N/A', 'Deceased', '36,400 to 63,700', '4', '4', '0'),
	('236163279', 'N/A', 'Other', '9,100 to 18,200', '2', '1', '1'),
	('236693453', 'N/A', 'N/A', 'Less than 9,100', '21', '1', '1'),
	('233529427', 'N/A', 'N/A', 'Less than 9,100', '1', '0', '0'),
	('236345966', 'Other', 'Driver', 'Less than 9,100', '2', '2', '0'),
	('236684160', 'Education', 'Education', 'Above 182,000', '4', '4', '0'),
	('236492687', 'Management/Supervision', 'Management/Supervision', 'Less than 9,100', '1', '0', '0'),
	('230148359', 'Sales and Retail', 'Management/Supervision', '9,100 to 18,200', '3', '3', '0'),
	('236786523', 'Unemployed', 'Hospitality', '36,400 to 63,700', '1', '1', '0'),
	('232220418', 'Other', 'N/A', '9,100 to 18,200', '1', '1', '0'),
	('236379922', 'N/A', 'N/A', 'Less than 9,100', '5', '4', '0'),
	('213398579', 'Healthcare', 'Information Technology', '63,700 to 109,200', '1', '0', '0'),
	('236061203', 'Education', 'Architecture and Engineering', '18,200 to 36,400', '3', '1', '2'),
	('234200947', 'Other', 'N/A', '9,100 to 18,200', '4', '2', '2'),
	('236700709', 'Other', 'Government and Community Services', '18,200 to 36,400', '2', '1', '1'),
	('236586877', 'Other', 'Architecture and Engineering', '18,200 to 36,400', '1', '0', '0'),
	('236808546', 'Sales and Retail', 'Management/Supervision', '36,400 to 63,700', '3', '3', '1'),
	('201477175', 'Other', 'Driver', 'Less than 9,100', '6', '2', '2'),
	('236845234', 'Other', 'N/A', '18,200 to 36,400', '3', '0', '1'),
	('236835448', 'Other', 'Hospitality', '63,700 to 109,200', '1', '0', '0'),
	('170726103', 'Government and Community Services', 'Government and Community Services', '18,200 to 36,400', '2', '0', '0'),
	('233308981', 'Other', 'N/A', 'Less than 9,100', '3', '2', '1'),
	('201140035', 'Education', 'Deceased', '36,400 to 63,700', '2', '1', '1'),
	('214285868', 'Healthcare', 'Unemployed', '36,400 to 63,700', '2', '1', '1'),
	('233163213', 'N/A', 'N/A', '36,400 to 63,700', '2', '1', '1'),
	('232958771', 'Education', 'Healthcare', '63,700 to 109,200', '3', '3', '0'),
	('212663704', 'Other', 'Driver', '9,100 to 18,200', '5', '3', '1'),
	('236562740', 'Other', 'N/A', 'Less than 9,100', '6', '3', '2'),
	('230170798', 'Education', 'N/A', '9,100 to 18,200', '3', '2', '0'),
	('211874319', 'Other', 'Hospitality', '109,200 to 182,000', '2', '2', '2'),
	('234803498', 'Management/Supervision', 'N/A', '36,400 to 63,700', '1', '1', '0'),
	('233174814', 'Administration/Office Support', 'Management/Supervision', '18,200 to 36,400', '2', '2', '0'),
	('237098245', 'Other', 'N/A', 'Less than 9,100', '2', '1', '1'),
	('232708807', 'Other', 'Finance and Accounting', 'Less than 9,100', '3', '3', '0'),
	('213920383', 'Other', 'Architecture and Engineering', '36,400 to 63,700', '2', '2', '0'),
	('233045817', 'Other', 'Management/Supervision', '36,400 to 63,700', '2', '1', '1'),
	('233030981', 'Other', 'Hospitality', 'Above 182,000', '3', '2', '1'),
	('233422570', 'Sales and Retail', 'N/A', '18,200 to 36,400', '3', '3', '0'),
	('170440799', 'Other', 'Skilled Trades/Technical', '36,400 to 63,700', '3', '1', '2'),
	('170945255', 'Other', 'Deceased', '36,400 to 63,700', '3', '2', '0'),
	('201140187', 'Other', 'Information Technology', '18,200 to 36,400', '2', '2', '0'),
	('232073528', 'Other', 'Unemployed', 'Less than 9,100', '1', '1', '0'),
	('231302875', 'Other', 'Skilled Trades/Technical', 'Less than 9,100', '3', '2', '1'),
	('235403973', 'Healthcare ', 'Hospitality', '36,400 to 63,700', '3', '3', '0'),
	('231018639', 'Unemployed', 'Other', '18,200 to 36,400', '3', '1', '2');

INSERT INTO SHS_Information(StudentId,TypeOfSchool, JoinedScienceHigh, 
ScienceHighSchool, SeniorHighSchool, Strand, WithHonors, InTopTen, AcademicRank, 
AcademicExcellenceAward,GradeRangeEnglish, GradeRangeMath, GradeRangeScience, GPA)
VALUES
	('215048994', 'Private', '', '', 'Cebu Institute of Technology-University', 'Science Technology Engineering and Mathematics (STEM)', 'Yes', 'No', '', 'With Honors', '94-96', '94-96', '94-96', '94-96'),--
	('231987729', 'Private', '', '', 'Colegio de la Inmaculada Concepcion - Cebu', 'Science Technology Engineering and Mathematics (STEM)', 'Yes', 'No', '', 'With Honors', '91-93', '91-93', '91-93', '91-93'),--
	('231165150', 'Private', '', '', 'Cebu Roosevelt Memorial Colleges', 'Accountancy Business and Management (ABM)', 'Yes', 'Yes', 'Top 2 to 10', 'With High Honors', '94-96', '97-99', '94-96', '94-96'),--
	('236945985', 'Private', '', '', 'University of Cebu', 'Science Technology Engineering and Mathematics (STEM)', 'No', '', '', '', '91-93', '85-87', '88-90', '91-93'),--
	('233109286', 'Private', '', '', 'PAU Excellencia Global Academy Foundation, Inc.', 'Technical-Vocational-Livelihood (TVL)', 'Yes', 'No', '', 'With Honors', '91-93', '88-90', '91-93', '94-96'),--
	('170545444', 'Private', '', '', 'Cebu Institute of Technology-University', 'Science Technology Engineering and Mathematics (STEM)', 'Yes', 'No', '', 'With Honors', '91-93', '88-90', '88-90', '91-93'),--
	('236892742', 'Private', '', '', 'La Consolacion College - Liloan', 'Accountancy Business and Management (ABM)', 'No', '', '', '', '85-87', '85-87', '85-87', '<85'),--
	('232648343', 'Private', '', '', 'University of Cebu', 'Technical-Vocational-Livelihood (TVL)', 'Yes', 'Yes', 'Top 2 to 10', 'With High Honors', '94-96', '91-93', '94-96', '94-96'),--
	('233018809', 'Private', '', '', 'Saint Joseph College of Maasin', 'Science Technology Engineering and Mathematics (STEM)', 'Yes', 'Yes', 'Top 2 to 10', 'With High Honors', '94-96', '94-96', '94-96', '94-96'),--
	('231603575', 'Private', '', '', 'University of San Carlos', 'Science Technology Engineering and Mathematics (STEM)', 'Yes', 'No', '', 'With High Honors', '94-96', '94-96', '94-96', '94-96'),--
	('194004588', 'Private', '', '', 'Cebu Institute of Technology-University', 'Science Technology Engineering and Mathematics (STEM)', 'No', '', '', '', '91-93', '88-90', '91-93', '91-93'),--
	('232079543', 'Private', '', '', 'Southwestern University PHINMA', 'Science Technology Engineering and Mathematics (STEM)', 'No', '', '', '', '88-90', '88-90', '88-90', '85-87'),--
	('231998921', 'Public', 'No', '', 'Babag National High School/Senior High School', 'Science Technology Engineering and Mathematics (STEM)', 'Yes', 'No', '', 'With Honors', '91-93', '91-93', '91-93', '91-93'),--
	('232217877', 'Private', '', '', 'Patronage of Mary Development School', 'Science Technology Engineering and Mathematics (STEM)', 'Yes', 'Yes', 'Top 1 (Valedictorian)', 'With High Honors', '97-99', '97-99', '94-96', '97-99'),--
	('231754768', 'Public', 'No', '', 'Don Emilio Canonigo National High School', 'Science Technology Engineering and Mathematics (STEM)', 'Yes', 'No', '', 'With High Honors', '94-96', '94-96', '94-96', '94-96'),--
	('232772181', 'Private', '', '', 'University of San Carlos - North Campus', 'Science Technology Engineering and Mathematics (STEM)', 'No', '', '', '', '91-93', '91-93', '94-96', '91-93'),--
	('232753290', 'Private', '', '', 'St. Scholastica''s Academy - Tabunok', 'Science Technology Engineering and Mathematics (STEM)', 'Yes', 'No', '', 'With Honors', '88-90', '91-93', '88-90', '88-90'),--
	('231479398', 'Public', 'Yes', 'Cebu City National Science High School', '', 'Science Technology Engineering and Mathematics (STEM)', 'Yes', 'No', '', 'With High Honors', '94-96', '94-96', '94-96', '94-96'),--
	('233280395', 'Public', 'Yes', 'Cebu City National Science High School', '', 'Science Technology Engineering and Mathematics (STEM)', 'Yes', 'No', '', 'With High Honors', '97-99', '94-96', '94-96', '97-99'),--
	('232076731', 'Private', '', '', 'Southwestern University PHINMA', 'Science Technology Engineering and Mathematics (STEM)', 'No', '', '', '', '91-93', '94-96', '94-96', '91-93'),--
	('232159735', 'Public', 'Yes', 'Cebu City National Science High School', '', 'Science Technology Engineering and Mathematics (STEM)', 'Yes', 'No', '', 'With High Honors', '94-96', '94-96', '94-96', '94-96'),--
	('201843115', 'Private', '', '', 'Cebu Institute of Technology-University', 'Science Technology Engineering and Mathematics (STEM)', 'No', '', '', '', '88-90', '85-87', '88-90', '85-87'),--
	('233217874', 'Private', '', '', 'San Roque College De Cebu Inc.', 'Science Technology Engineering and Mathematics (STEM)', 'Yes', 'No', '', 'With Honors', '88-90', '88-90', '88-90', '88-90'),--
	('232851520', 'Private', '', '', 'Don Vicente Rama Memorial National High School', 'Science Technology Engineering and Mathematics (STEM)', 'Yes', 'No', '', 'With High Honors', '94-96', '94-96', '94-96', '94-96'),--
	('232297300', 'Private', '', '', 'Claret School of Lamitan', 'Science Technology Engineering and Mathematics (STEM)', 'Yes', 'Yes', 'Top 2 to 10', 'With High Honors', '97-99', '91-93', '94-96', '91-93'),--
	('233047534', 'Private', '', '', 'Don Bosco Technical College - Cebu Inc.', 'Science Technology Engineering and Mathematics (STEM)', 'Yes', 'No', '', 'With Honors', '91-93', '88-90', '91-93', '91-93'),--
	('183084285', 'Private', '', '', 'Cebu Institute of Technology-University', 'Science Technology Engineering and Mathematics (STEM)', 'No', '', '', '', '94-96', '97-99', '88-90', '88-90'),--
	('232691735', 'Private', '', '', 'Southwestern University PHINMA', 'Accountancy Business and Management (ABM)', 'No', '', '', '', '91-93', '88-90', '91-93', '91-93'),--
	('236451315', 'Public', 'No', '', 'Gutalac National High School', 'Technical-Vocational-Livelihood (TVL)', 'No', '', '', '', '88-90', '<85', 'N/A', '85-87'),--
	('235199828', 'Public', 'No', '', 'Vicente Cabahug National High School', 'General Academic Strand (GAS)', 'No', '', '', '', 'N/A', 'N/A', 'N/A', '85-87'),--
	('235762459', 'Public', 'No', '', 'Bitoon National Vocational High School', 'Science Technology Engineering and Mathematics (STEM)', 'Yes', 'No', '', 'With High Honors', '94-96', '94-96', '94-96', '94-96'),--
	('235669609', 'Public', 'No', '', 'Tukuran Technical-Vocational High School', 'Technical-Vocational-Livelihood (TVL)', 'No', '', '', '', '<85', '<85', '<85', '<85'),--
	('195529442', 'Private', '', '', 'Cebu Institute of Technology-University', 'Science Technology Engineering and Mathematics (STEM)', 'No', '', '', '', '91-93', '88-90', '88-90', '88-90'),--
	('233917543', 'Public', 'Yes', 'Cebu City National Science High School', '', 'Science Technology Engineering and Mathematics (STEM)', 'Yes', 'No', '', 'With High Honors', '97-99', '94-96', '97-99', '94-96'),--
	('234383545', 'Public', 'Yes', 'Cebu City National Science High School', '', 'Science Technology Engineering and Mathematics (STEM)', 'Yes', 'No', '', 'With High Honors', '91-93', '94-96', '94-96', '94-96'),--
	('215714872', 'Private', '', '', 'University of Cebu', 'Science Technology Engineering and Mathematics (STEM)', 'No', '', '', '', '94-96', '94-96', '94-96', '91-93'),--
	('234601608', 'Private', '', '', 'University of Cebu', 'Science Technology Engineering and Mathematics (STEM)', 'Yes', 'No', '', 'With High Honors', '94-96', '94-96', '91-93', '94-96'),--
	('233952209', 'Private', '', '', 'Saint Theresa''s College of Cebu', 'Science Technology Engineering and Mathematics (STEM)', 'No', '', '', '', '91-93', '<85', '<85', '88-90'),--
	('232416830', 'Private', '', '', 'Saint Joseph College', 'Science Technology Engineering and Mathematics (STEM)', 'No', '', '', '', '88-90', '88-90', '94-96', '91-93'),--
	('201140024', 'Private', '', '', 'Cebu Institute of Technology-University', 'Science Technology Engineering and Mathematics (STEM)', 'Yes', 'No', '', 'With Honors', '94-96', '91-93', '91-93', '94-96'),--
	('234184587', 'Private', '', '', 'St. Scholastica''s Academy - Tabunok', 'Science Technology Engineering and Mathematics (STEM)', 'Yes', 'No', '', 'With Honors', '91-93', '85-87', '88-90', '91-93'),--
	('130498411', 'Private', '', '', 'Cebu Institute of Technology-University', 'Science Technology Engineering and Mathematics (STEM)', 'Yes', 'No', '', 'With High Honors', '85-87', '88-90', '<85', '85-87'),--
	('233570713', 'Private', '', '', 'La Consolacion College-Liloan', 'Science Technology Engineering and Mathematics (STEM)', 'Yes', 'Yes', 'Top 2 to 10', 'With Honors', '94-96', '91-93', '91-93', '94-96'),--
	('233389370', 'Private', '', '', 'ACLC College of Ormoc', 'Science Technology Engineering and Mathematics (STEM)', 'Yes', 'No', '', 'With High Honors', '97-99', '97-99', '97-99', '97-99'),--
	('233693138', 'Private', '', '', 'Dalaguete National High School ', 'Science Technology Engineering and Mathematics (STEM)', 'Yes', 'No', '', 'With Honors', '94-96', '91-93', '94-96', '94-96'),--
	('201140029', 'Private', '', '', 'Cebu Institute of Technology-University', 'Science Technology Engineering and Mathematics (STEM)', 'Yes', 'No', '', 'With Honors', '94-96', '97-99', '94-96', '94-96'),--
	('225330924', 'Private', '', '', 'Don Bosco Technical College - Cebu', 'Science Technology Engineering and Mathematics (STEM)', 'No', '', '', '', '85-87', '85-87', '85-87', '85-87'),--
	('234739174', 'Private', '', '', 'PAU Excellencia Global Academy Foundation, Inc.', 'Science Technology Engineering and Mathematics (STEM)', 'Yes', 'No', '', 'With High Honors', '94-96', '91-93', '94-96', '94-96'),--
	('234205826', 'Private', '', '', 'De La Salle ASMC', 'Science Technology Engineering and Mathematics (STEM)', 'Yes', 'No', '', 'With Honors', '91-93', '91-93', '91-93', '91-93'),--
	('234515683', 'Private', '', '', 'De La Salle ASMC', 'Science Technology Engineering and Mathematics (STEM)', 'Yes', 'No', '', 'With Honors', '88-90', '88-90', '94-96', '91-93'),--
	('233429486', 'Private', '', '', 'Don Bosco Technical College Cebhlu Inc.', 'Science Technology Engineering and Mathematics (STEM)', 'No', '', '', '', '97-99', '<85', '<85', '85-87'),--
	('234496954', 'Private', '', '', 'Colegio de Sto. Tomas - Recoletos', 'Science Technology Engineering and Mathematics (STEM)', 'Yes', 'No', '', 'With High Honors', '94-96', '94-96', '94-96', '94-96'),--
	('233855504', 'Private', '', '', 'University Of Visayas – Pardo Campus', 'Science Technology Engineering and Mathematics (STEM)', 'No', '', '', '', '88-90', '91-93', '88-90', '91-93'),--
	('234078311', 'Private', '', '', 'University of San Jose-Recoletos', 'Science Technology Engineering and Mathematics (STEM)', 'No', '', '', '', '85-87', '<85', '<85', '88-90'),--
	('222097673', 'Private', '', '', 'Cebu Institute of Technology-University', 'Science Technology Engineering and Mathematics (STEM)', 'No', '', '', '', '94-96', '94-96', '94-96', '91-93'),--
	('212600934', 'Private', '', '', 'Cebu Institute of Technology-University', 'Science Technology Engineering and Mathematics (STEM)', 'Yes', 'No', '', 'With High Honors', '94-96', '94-96', '94-96', '94-96'),--
	('213082308', 'Private', '', '', 'Cebu Institute of Technology-University', 'Science Technology Engineering and Mathematics (STEM)', 'No', '', '', '', '85-87', '88-90', '85-87', '<85'),--
	('211224254', 'Private', '', '', 'Cebu Institute of Technology-University', 'Science Technology Engineering and Mathematics (STEM)', 'Yes', 'No', '', 'With High Honors', '94-96', '94-96', '94-96', '94-96'),--
	('230527402', 'Public', 'Yes', 'Other National Science High School (example: Mandaue National Science High School, Minglanilla National Science High School, etc.)', 'San Remigio National High School', 'Science Technology Engineering and Mathematics (STEM)', 'Yes', 'No', '', 'With High Honors', '97-99', '91-93', '94-96', '94-96'),--
	('231160434', 'Private', '', '', 'Talisay City National High School', 'Technical-Vocational-Livelihood (TVL)', 'Yes', 'No', '', 'With High Honors', '94-96', '94-96', '94-96', '94-96'),--
	('234188468', 'Public', 'Yes', 'Philippine Science High School', '', 'Science Technology Engineering and Mathematics (STEM)', 'No', '', '', '', '97-99', '94-96', '88-90', '91-93'),--
	('231957693', 'Private', '', '', 'University of San Jose-Recoletos', 'Humanities and Social Sciences (HUMSS)', 'Yes', 'No', '', 'With Honors', '88-90', '88-90', '91-93', '88-90'),--
	('231597784', 'Private', '', '', 'Don Bosco Technical College - Cebu Inc. ', 'Science Technology Engineering and Mathematics (STEM)', 'Yes', 'No', '', 'With Honors', '91-93', 'N/A', 'N/A', '91-93'),--
	('231648595', 'Private', '', '', 'Nissi Academy International', 'Science Technology Engineering and Mathematics (STEM)', 'Yes', 'Yes', 'Top 2 to 10', 'With Honors', '91-93', '91-93', '91-93', '91-93'),--
	('235711257', 'Public', 'No', '', 'Bitoon National Vocational High School ', 'Science Technology Engineering and Mathematics (STEM)', 'Yes', 'No', '', 'With High Honors', '97-99', '97-99', '94-96', '94-96'),--
	('232290733', 'Private', '', '', 'University of Cebu Senior High School - PRI', 'Accountancy Business and Management (ABM)', 'Yes', 'No', '', 'With Highest Honors', '97-99', '97-99', '97-99', '97-99'),--
	('231982527', 'Public', 'No', '', 'Cabonga-an Natinal High School', 'Humanities and Social Sciences (HUMSS)', 'Yes', 'No', '', 'With Honors', '91-93', '91-93', '91-93', '91-93'),--
	('232442334', 'Private', '', '', 'San Juan High School', 'Technical-Vocational-Livelihood (TVL)', 'Yes', 'Yes', 'Top 2 to 10', 'With Highest Honors', '94-96', '91-93', '97-99', '94-96'),--
	('234358139', 'Private', '', '', 'University of Cebu Senior High School - PRI', 'Science Technology Engineering and Mathematics (STEM)', 'Yes', 'No', '', 'With Highest Honors', '94-96', '94-96', '97-99', '97-99'),--
	('200140043', 'Private', '', '', 'Cebu Institute of Technology-University', 'Science Technology Engineering and Mathematics (STEM)', 'Yes', 'No', '', 'With Honors', '91-93', '94-96', '94-96', '94-96'),--
	('235102415', 'Private', '', '', 'Vicente Cabahug National High School', 'General Academic Strand (GAS)', 'No', '', '', '', 'N/A', 'N/A', 'N/A', 'N/A'),--
	('170338635', 'Private', '', '', 'Cebu Institute of Technology-University', 'Science Technology Engineering and Mathematics (STEM)', 'No', '', '', '', '88-90', '85-87', '85-87', '88-90'),--
	('120470443', 'Private', '', '', 'Cebu Institute of Technology-University', 'Accountancy Business and Management (ABM)', 'Yes', 'No', '', 'With Honors', '91-93', '91-93', '88-90', '91-93'),--
	('232302526', 'Private', '', '', 'Asian College of Technology - Bulacao Campus', 'Technical-Vocational-Livelihood (TVL)', 'Yes', 'No', '', 'With Honors', '97-99', 'N/A', 'N/A', '91-93'),--
	('231924354', 'Private', '', '', 'University of Cebu', 'Technical-Vocational-Livelihood (TVL)', 'Yes', 'No', '', 'With High Honors', '94-96', '91-93', '91-93', '94-96'),--
	('207429858', 'Private', '', '', 'Cebu Institute of Technology-University', 'Science Technology Engineering and Mathematics (STEM)', 'No', '', '', '', '91-93', '85-87', '91-93', '88-90'),--
	('232047462', 'Private', '', '', 'Professional Academy of the Philippines﻿', 'General Academic Strand (GAS)', 'No', '', '', '', 'N/A', 'N/A', 'N/A', 'N/A'),--
	('231805297', 'Private', '', '', 'Colegio de la Inmaculada Concepcion - Cebu', 'Science Technology Engineering and Mathematics (STEM)', 'No', '', '', '', '<85', '<85', '88-90', '85-87'),--
	('231795734', 'Public', 'Yes', 'Cebu City National Science High School', '', 'Science Technology Engineering and Mathematics (STEM)', 'Yes', 'No', '', 'With High Honors', '97-99', '94-96', '94-96', '97-99'),--
	('233757111', 'Private', '', '', 'University of Cebu - Private Campus', 'Science Technology Engineering and Mathematics (STEM)', 'Yes', 'No', '', 'With High Honors', '97-99', '97-99', '97-99', '94-96'),--
	('235442132', 'Private', '', '', 'Immaculate Heart of Mary Academy - A.R. of Minglanilla Cebu ', 'Science Technology Engineering and Mathematics (STEM)', 'No', '', '', '', '88-90', '88-90', '88-90', '88-90'),--
	('235852966', 'Public', 'No', '', 'City of Bogo Senior High School', 'Science Technology Engineering and Mathematics (STEM)', 'Yes', 'No', '', 'With Honors', '88-90', '88-90', '88-90', '91-93'),--
	('2017011848', 'Private', '', '', 'University of San Jose-Recoletos', 'Technical-Vocational-Livelihood (TVL)', 'Yes', 'No', '', 'With Honors', '91-93', '91-93', '<85', '91-93'),--
	('235952883', 'Private', '', '', 'Asian Institute of Computer Studies', 'Technical-Vocational-Livelihood (TVL)', 'No', '', '', '', '85-87', '<85', '88-90', '85-87'),--
	('231925986', 'Private', '', '', 'University of Cebu Senior High School - PRI', 'Technical-Vocational-Livelihood (TVL)', 'No', '', '', '', '94-96', 'N/A', 'N/A', '94-96'),--
	('232250144', 'Private', '', '', 'Saint Joseph College', 'Science Technology Engineering and Mathematics (STEM)', 'Yes', 'No', '', 'With Honors', '91-93', '88-90', '88-90', '91-93'),--
	('231934189', 'Private', '', '', 'Immaculate Heart of Mary Academy', 'Science Technology Engineering and Mathematics (STEM)', 'Yes', 'No', '', 'With Honors', '91-93', '97-99', '91-93', '91-93'),--
	('232256994', 'Private', '', '', 'Southwestern University PHINMA', 'Accountancy Business and Management (ABM)', 'No', '', '', '', '88-90', '91-93', '91-93', '91-93'),--
	('232081111', 'Private', '', '', 'PAU Excellencia Global Academy Foundation, Inc.', 'Technical-Vocational-Livelihood (TVL)', 'Yes', 'No', '', 'With High Honors', '97-99', '97-99', '97-99', '94-96'),--
	('232426543', 'Private', '', '', 'Benedicto College', 'Accountancy Business and Management (ABM)', 'Yes', 'No', '', 'With Honors', '91-93', '94-96', '91-93', '91-93'),--
	('232082220', 'Public', 'Yes', 'Other National Science High School (example: Mandaue National Science High School, Minglanilla National Science High School, etc.)', 'Toledo City Science High School', 'Science Technology Engineering and Mathematics (STEM)', 'Yes', 'No', '', 'With Honors', '94-96', '88-90', '91-93', '91-93'),
	('232357568', 'Private', '', '', 'Bohol Wisdom School', 'Science Technology Engineering and Mathematics (STEM)', 'Yes', 'No', '', 'With Honors', '94-96', '91-93', '94-96', '94-96'),--
	('230514783', 'Private', '', '', 'University of Cebu Senior High School - PRI', 'Accountancy Business and Management (ABM)', 'Yes', 'Yes', 'Top 2 to 10', 'With Honors', '94-96', '91-93', '94-96', '94-96'),--
	('232517769', 'Public', 'No', '', 'Ramon Duterte Memorial National High School', 'General Academic Strand (GAS)', 'Yes', 'No', '', 'With Honors', '91-93', '91-93', '85-87', '88-90'),--
	('232013950', 'Private', '', '', 'Asian Institute of Computer Studies ', 'Humanities and Social Sciences (HUMSS)', 'Yes', 'No', '', 'With Honors', 'N/A', 'N/A', 'N/A', '91-93'),--
	('231962676', 'Public', 'No', '', 'Talisay City National High School', 'Accountancy Business and Management (ABM)', 'Yes', 'No', '', 'With Honors', '88-90', '88-90', '88-90', '88-90'),--
	('232635609', 'Private', '', '', 'Manila Science High School', 'Accountancy Business and Management (ABM)', 'Yes', 'Yes', 'Top 2 to 10', 'With High Honors', '91-93', '94-96', '97-99', '94-96'),--
	('218410880', 'Private', '', '', 'Cebu Institute of Technology-University', 'Science Technology Engineering and Mathematics (STEM)', 'No', '', '', '', '85-87', '<85', '88-90', '85-87'),--
	('230761533', 'Private', '', '', 'San Juan National High School', 'Humanities and Social Sciences (HUMSS)', 'Yes', 'No', '', 'With Honors', '91-93', '91-93', '88-90', '91-93'),--
	('230246135', 'Private', '', '', 'Asian College of Technology Bulacao Campus ', 'Science Technology Engineering and Mathematics (STEM)', 'No', '', '', '', '91-93', '94-96', '97-99', '91-93'),--
	('232684947', 'Private', '', '', 'University of San Jose-Recoletos - Balamban Campus', 'Science Technology Engineering and Mathematics (STEM)', 'Yes', 'Yes', 'Top 2 to 10', 'With High Honors', '94-96', '94-96', '94-96', '94-96'),--
	('230330749', 'Private', '', '', 'University of San Carlos', 'Accountancy Business and Management (ABM)', 'Yes', 'No', '', 'With Honors', '94-96', '91-93', '91-93', '91-93'),--
	('230112653', 'Public', 'Yes', 'Other National Science High School (example: Mandaue National Science High School, Minglanilla National Science High School, etc.)', 'Bato School of Fisheries', 'Science Technology Engineering and Mathematics (STEM)', 'Yes', 'No', '', 'With Honors', '94-96', '91-93', '94-96', '91-93'),--
	('230851107', 'Private', '', '', 'Saint Joseph College of Maasin', 'Science Technology Engineering and Mathematics (STEM)', 'Yes', 'No', '', 'With Honors', '88-90', '91-93', '88-90', '91-93'),--
	('231486900', 'Public', 'No', '', 'Talisay City National High School', 'General Academic Strand (GAS)', 'Yes', 'No', '', 'With Honors', '85-87', '85-87', '85-87', '91-93'),--
	('230267319', 'Public', 'No', '', 'Visayas State University Integrated High School', 'Science Technology Engineering and Mathematics (STEM)', 'Yes', 'No', '', 'With High Honors', '97-99', '97-99', '91-93', '97-99'),--
	('230837809', 'Private', '', '', 'Saint Joseph College of Maasin', 'Science Technology Engineering and Mathematics (STEM)', 'No', '', '', '', '88-90', '88-90', '88-90', '88-90'),--
	('230057927', 'Private', '', '', 'St. Catherine''s College', 'Science Technology Engineering and Mathematics (STEM)', 'Yes', 'Yes', 'Top 2 to 10', 'With Honors', '91-93', '88-90', '88-90', '91-93'),--
	('230641447', 'Public', 'No', '', 'Dalaguete National Highschool ', 'Science Technology Engineering and Mathematics (STEM)', 'Yes', 'No', '', 'With Honors', '91-93', '91-93', '91-93', '88-90'),--
	('234686868', 'Private', '', '', 'Saint Joseph College', 'Accountancy Business and Management (ABM)', 'No', '', '', '', '91-93', '88-90', '91-93', '91-93'),--
	('230711470', 'Public', 'Yes', 'Other National Science High School (example: Mandaue National Science High School, Minglanilla National Science High School, etc.)', 'Science and Technology Education Center ', 'Science Technology Engineering and Mathematics (STEM)', 'Yes', 'No', '', 'With Honors', '91-93', '91-93', '91-93', '91-93'),--
	('231151936', 'Public', 'No', '', 'Talisay City National High School ', 'Technical-Vocational-Livelihood (TVL)', 'Yes', 'No', '', 'With Honors', '88-90', 'N/A', 'N/A', '91-93'),--
	('230866858', 'Public', 'No', '', 'Santa Filomena National High School', 'General Academic Strand (GAS)', 'Yes', 'Yes', 'Top 2 to 10', 'With High Honors', '91-93', '91-93', '91-93', '91-93'),--
	('230716981', 'Private', '', '', 'Sacred Heart Academy', 'General Academic Strand (GAS)', 'Yes', 'No', '', 'With Honors', '91-93', '91-93', '91-93', '91-93'),--
	('230706415', 'Private', '', '', 'Concord Technical Institute', 'Science Technology Engineering and Mathematics (STEM)', 'Yes', 'Yes', 'Top 2 to 10', 'With Honors', '94-96', '94-96', '91-93', '91-93'),--
	('237074895', 'Private', '', '', 'Cebu Eastern College', 'Science Technology Engineering and Mathematics (STEM)', 'No', '', '', '', '85-87', '85-87', '85-87', '85-87'),--
	('230100845', 'Public', 'No', '', 'Bato School of Fisheries', 'Science Technology Engineering and Mathematics (STEM)', 'Yes', 'No', '', 'With Honors', '94-96', '91-93', '91-93', '94-96'),--
	('231009711', 'Private', '', '', 'University of Cebu - Banilad Campus', 'Technical-Vocational-Livelihood (TVL)', 'No', '', '', '', '97-99', '91-93', '94-96', '94-96'),--
	('230695527', 'Private', '', '', 'University of Cebu - Banilad Campus', 'Technical-Vocational-Livelihood (TVL)', 'Yes', 'No', '', 'With Honors', '97-99', '91-93', '91-93', '94-96'),--
	('231213960', 'Public', 'No', '', 'Agusan National High School', 'Science Technology Engineering and Mathematics (STEM)', 'Yes', 'No', '', 'With High Honors', '97-99', '88-90', '97-99', '97-99'),--
	('231010477', 'Private', '', '', 'University of Cebu - Banilad Campus', 'Technical-Vocational-Livelihood (TVL)', 'Yes', 'No', '', 'With Honors', '94-96', '91-93', '91-93', '91-93'),--
	('230076146', 'Private', '', '', 'Cebu Eastern College', 'Science Technology Engineering and Mathematics (STEM)', 'Yes', 'No', '', 'With Honors', '88-90', '88-90', '88-90', '88-90'),--
	('230529787', 'Private', '', '', 'Patronage of Mary Development School ', 'Science Technology Engineering and Mathematics (STEM)', 'Yes', 'No', '', 'With Honors', '91-93', '91-93', '94-96', '91-93'),--
	('230185503', 'Private', '', '', 'STI College', 'Technical-Vocational-Livelihood (TVL)', 'Yes', 'Yes', 'Top 2 to 10', 'With High Honors', '94-96', '91-93', '97-99', '94-96'),--
	('231315571', 'Private', '', '', 'University of Cebu - Banilad Campus', 'Technical-Vocational-Livelihood (TVL)', 'Yes', 'No', '', 'With High Honors', '94-96', '91-93', '91-93', '91-93'),--
	('230225681', 'Public', 'No', '', 'Leyte National High School ', 'Humanities and Social Sciences (HUMSS)', 'Yes', 'No', '', 'With Honors', '94-96', '91-93', '94-96', '94-96'),--
	('230345916', 'Private', '', '', 'Andres Bonifacio College', 'Science Technology Engineering and Mathematics (STEM)', 'Yes', 'No', '', 'With Honors', '91-93', '88-90', '91-93', '91-93'),--
	('230952972', 'Private', '', '', 'University of San Carlos', 'Science Technology Engineering and Mathematics (STEM)', 'No', '', '', '', '97-99', '85-87', '88-90', '91-93'),--
	('230197396', 'Public', 'No', '', 'Biliran Province State University', 'Science Technology Engineering and Mathematics (STEM)', 'Yes', 'No', '', 'With Honors', '91-93', '94-96', '91-93', '91-93'),--
	('231121678', 'Private', '', '', 'University of Cebu Lapu-Lapu Mandaue', 'Science Technology Engineering and Mathematics (STEM)', 'Yes', 'Yes', 'Top 2 to 10', 'With Honors', '94-96', '94-96', '94-96', '94-96'),--
	('201040027', 'Private', '', '', 'Cebu Institute of Technology-University', 'Science Technology Engineering and Mathematics (STEM)', 'Yes', 'No', '', 'With Honors', '91-93', '91-93', '91-93', '91-93'),--
	('231156855', 'Public', 'No', '', 'Zamboanga del sur National High School', 'Science Technology Engineering and Mathematics (STEM)', 'Yes', 'No', '', 'With Honors', '91-93', '91-93', '91-93', '91-93'),--
	('233773764', 'Private', '', '', 'PAU Excellencia Global Academy Foundation, Inc.', 'Science Technology Engineering and Mathematics (STEM)', 'Yes', 'No', '', 'With Honors', '94-96', '91-93', '91-93', '91-93'),--
	('230209694', 'Private', '', '', 'Sta. Monica Academy, Pinamungajan Cebu Inc.', 'Science Technology Engineering and Mathematics (STEM)', 'Yes', 'No', '', 'With Honors', '88-90', '91-93', '91-93', '91-93'),--
	('207631433', 'Private', '', '', 'Cebu Institute of Technology-University', 'Science Technology Engineering and Mathematics (STEM)', 'No', '', '', '', '<85', '<85', '<85', '<85'),--
	('231889639', 'Private', '', '', 'Mary Help of Christians School, Cebu', 'Science Technology Engineering and Mathematics (STEM)', 'No', '', '', '', '94-96', '88-90', '88-90', '88-90'),--
	('230801572', 'Private', '', '', 'Asian College of Technology - Bulacao Campus', 'Science Technology Engineering and Mathematics (STEM)', 'No', '', '', '', '85-87', '91-93', '85-87', '91-93'),--
	('236163279', 'Private', '', '', 'De La Salle Andres Soriano Memorial College ', 'Science Technology Engineering and Mathematics (STEM)', 'No', '', '', '', '85-87', '85-87', '85-87', '85-87'),--
	('236693453', 'Private', '', '', 'Saint Anthony''s High School ', 'General Academic Strand (GAS)', 'No', '', '', '', '85-87', '85-87', '88-90', '91-93'),--
	('233529427', 'Public', 'No', '', 'Lawaan 1 National Highschool', 'Technical-Vocational-Livelihood (TVL)', 'No', '', '', '', '85-87', '85-87', '85-87', '88-90'),--
	('236345966', 'Public', 'No', '', 'Don Vecente Rama Memorial Senior High School', 'Technical-Vocational-Livelihood (TVL)', 'Yes', 'No', '', 'With Honors', '<85', '85-87', '<85', '91-93'),--
	('236684160', 'Private', '', '', 'Saint Michael''s School of Padada Inc.', 'General Academic Strand (GAS)', 'No', '', '', '', '85-87', '88-90', '85-87', '88-90'),--
	('236492687', 'Private', '', '', 'Asian College of Technology', 'Technical-Vocational-Livelihood (TVL)', 'No', '', '', '', '91-93', '88-90', '88-90', '91-93'),--
	('230148359', 'Public', 'Yes', 'Other National Science High School (example: Mandaue National Science High School, Minglanilla National Science High School, etc.)', 'Siargao National Science High School', 'Science Technology Engineering and Mathematics (STEM)', 'Yes', 'No', '', 'With Honors', '91-93', '91-93', '91-93', '91-93'),--
	('236786523', 'Public', 'No', '', 'Jose B. Caredenas Memorial High School', 'Humanities and Social Sciences (HUMSS)', 'No', '', '', '', '91-93', '85-87', '85-87', '88-90'),--
	('232220418', 'Private', '', '', 'University of Cebu', 'Technical-Vocational-Livelihood (TVL)', 'No', '', '', '', '94-96', '88-90', '94-96', '91-93'),--
	('236379922', 'Private', '', '', 'Malimono National High School', 'General Academic Strand (GAS)', 'No', '', '', '', '<85', '<85', '<85', '85-87'),
	('213398579', 'Public', 'Yes', 'Other National Science High School (example: Mandaue National Science High School, Minglanilla National Science High School, etc.)', 'Minglanilla Science High School', 'Science Technology Engineering and Mathematics (STEM)', 'No', '', '', '', '94-96', '97-99', '94-96', 'N/A'),--
	('236061203', 'Private', '', '', 'Villaflores College', 'Science Technology Engineering and Mathematics (STEM)', 'Yes', 'No', '', 'With Honors', '88-90', '91-93', '88-90', '88-90'),--
	('234200947', 'Public', 'No', '', 'Vicente B. Cosido Memorial National High School', 'Science Technology Engineering and Mathematics (STEM)', 'Yes', 'Yes', 'Top 2 to 10', 'With High Honors', '94-96', '94-96', '94-96', '94-96'),--
	('236700709', 'Private', '', '', 'University of San Carlos', 'Science Technology Engineering and Mathematics (STEM)', 'No', '', '', '', '91-93', '85-87', '85-87', '85-87'),--
	('236586877', 'Public', 'No', '', 'Bulacao National High School', 'Humanities and Social Sciences (HUMSS)', 'Yes', 'Yes', 'Top 2 to 10', 'With Honors', '85-87', '85-87', '85-87', '85-87'),--
	('236808546', 'Private', '', '', 'Adventist Academy Cebu', 'Accountancy Business and Management (ABM)', 'Yes', 'No', '', 'With Honors', '88-90', '85-87', '85-87', '85-87'),--
	('201477175', 'Public', 'No', '', 'Naga National High School', 'Technical-Vocational-Livelihood (TVL)', 'No', '', '', '', '88-90', '85-87', '88-90', '88-90'),--
	('236845234', 'Private', '', '', 'STI College Ortigas - Cainta', 'Technical-Vocational-Livelihood (TVL)', 'Yes', 'No', '', 'With Honors', '91-93', '94-96', '94-96', '91-93'),--
	('236835448', 'Private', '', '', 'University of San Jose-Recoletos', 'Science Technology Engineering and Mathematics (STEM)', 'No', '', '', '', '91-93', '<85', '<85', '85-87'),--
	('170726103', 'Private', '', '', 'Cebu Institute of Technology-University', 'Accountancy Business and Management (ABM)', 'Yes', 'No', '', 'With Honors', '91-93', '91-93', '94-96', '94-96'),--
	('233308981', 'Private', '', '', 'Kairos Christian Academy, INC', 'General Academic Strand (GAS)', 'No', '', '', '', '91-93', '<85', 'N/A', '85-87'),--
	('201140035', 'Private', '', '', 'Cebu Institute of Technology-University', 'Science Technology Engineering and Mathematics (STEM)', 'Yes', 'No', '', 'With Honors', '91-93', '91-93', '94-96', '94-96'),--
	('214285868', 'Private', '', '', 'Cebu Institute of Technology-University', 'Science Technology Engineering and Mathematics (STEM)', 'No', '', '', '', '91-93', '85-87', '91-93', '91-93'),--
	('233163213', 'Private', '', '', 'Adventist Academy Cebu', 'Science Technology Engineering and Mathematics (STEM)', 'Yes', 'No', '', 'With Honors', '88-90', '88-90', '88-90', '88-90'),--
	('232958771', 'Public', 'No', '', 'Cangawa National High School', 'Humanities and Social Sciences (HUMSS)', 'Yes', 'No', '', 'With Honors', '91-93', '91-93', '91-93', '91-93'),--
	('212663704', 'Private', '', '', 'Southwestern University PHINMA', 'Science Technology Engineering and Mathematics (STEM)', 'No', '', '', '', '85-87', '85-87', '<85', '<85'),--
	('236562740', 'Public', 'No', '', 'Don Sergio OsmeÑa Sr. Memorial National High school', 'Technical-Vocational-Livelihood (TVL)', 'No', '', '', '', '<85', '<85', '<85', '88-90'),--
	('230170798', 'Public', 'Yes', 'Other National Science High School (example: Mandaue National Science High School, Minglanilla National Science High School, etc.)', 'Toledo City Science High School', 'Science Technology Engineering and Mathematics (STEM)', 'Yes', 'Yes', 'Top 2 to 10', 'With High Honors', '91-93', '91-93', '94-96', '94-96'),--
	('211874319', 'Private', '', '', 'Cebu Institute of Technology-University', 'Science Technology Engineering and Mathematics (STEM)', 'No', '', '', '', '88-90', '<85', '85-87', '85-87'),--
	('234803498', 'Private', '', '', 'Mapúa Malayan Colleges Mindanao', 'Technical-Vocational-Livelihood (TVL)', 'No', '', '', '', '94-96', '94-96', '91-93', '94-96'),--
	('233174814', 'Public', 'Yes', 'Cebu City National Science High School', '', 'Science Technology Engineering and Mathematics (STEM)', 'Yes', 'No', '', 'With High Honors', '97-99', '94-96', '94-96', '94-96'),--
	('237098245', 'Private', '', '', 'Colegio de la Inmaculada Concepcion - Cebu', 'Science Technology Engineering and Mathematics (STEM)', 'No', '', '', '', '88-90', '88-90', '88-90', '88-90'),--
	('232708807', 'Private', '', '', 'Patronage of Mary Development School', 'Science Technology Engineering and Mathematics (STEM)', 'No', '', '', '', '85-87', '85-87', '85-87', '<85'),--
	('213920383', 'Private', '', '', 'Cebu Institute of Technology-University', 'Science Technology Engineering and Mathematics (STEM)', 'No', '', '', '', '88-90', '91-93', '85-87', '85-87'),--
	('233045817', 'Private', '', '', 'St. Scholastica''s Academy - Tabunok', 'Science Technology Engineering and Mathematics (STEM)', 'Yes', 'No', '', 'With Honors', '91-93', '94-96', '91-93', '94-96'),--
	('233030981', 'Private', '', '', 'Adventist Academy Cebu', 'Science Technology Engineering and Mathematics (STEM)', 'Yes', 'No', '', 'With Honors', '91-93', '85-87', '88-90', '94-96'),--
	('233422570', 'Private', '', '', 'University of Cebu - METC', 'Science Technology Engineering and Mathematics (STEM)', 'No', '', '', '', '<85', '88-90', '88-90', '88-90'),--
	('170440799', 'Private', '', '', 'Cebu Institute of Technology-University', 'Science Technology Engineering and Mathematics (STEM)', 'Yes', 'No', '', 'With High Honors', '94-96', '91-93', '91-93', '94-96'),--
	('170945255', 'Private', '', '', 'Cebu Institute of Technology-University', 'Science Technology Engineering and Mathematics (STEM)', 'Yes', 'No', '', 'With High Honors', '94-96', '91-93', '91-93', '94-96'),--
	('201140187', 'Private', '', '', 'Cebu Institute of Technology-University', 'Science Technology Engineering and Mathematics (STEM)', 'Yes', 'No', '', 'With High Honors', '94-96', '91-93', '91-93', '94-96'),--
	('232073528', 'Private', '', '', 'University of San Jose-Recoletos', 'Science Technology Engineering and Mathematics (STEM)', 'No', '', '', '', '97-99', '94-96', '94-96', '91-93'),--
	('231302875', 'Public', 'No', '', 'Abellana National School', 'Technical-Vocational-Livelihood (TVL)', 'No', '', '', '', '85-87', '<85', '85-87', 'N/A'),--
	('235403973', 'Private', '', '', 'University Of Visayas – Dalaguete Campus', 'Science Technology Engineering and Mathematics (STEM)', 'No', '', '', '', '94-96', '88-90', 'N/A', 'N/A'),--
	('231018639', 'Private', '', '', 'PAU Excellencia Global Academy Foundation, Inc.', 'Technical-Vocational-Livelihood (TVL)', 'Yes', 'Yes', 'Top 2 to 10', 'With Honors', '91-93', '88-90', '91-93', '91-93');--

INSERT INTO College_Information(StudentId, Course, YearLevel, ProgMidtermGrade, ExpectedProg1Grade, Prog1Professor, ModeOfDelivery, 
HasScholarship, ScholarshipType, HasExperience,ProgrammingLanguages, HasDevice, IsInCebu, CurrentPlace, HasRoom, HasEnoughSpace, 
ModeOfTransportationToSchool, CommuteCountToSchool, CommuteDurationToSchool, ArriveSchoolFeeling, ModeOfTransportationHome, CommuteCountToHome, 
CommuteDurationToHome, ArriveHomeFeeling, PursueCourseReason)

VALUES
	('215048994', 'BS Computer Science', '1st year', '', '', 'Frederick Revilleza', 'Face-to-face', 'Yes', 'CIT-U Academic Scholarship (Senior High School Honor Graduate);', 'No', '', 'Yes', 'Yes', 'Home', 'No', 'No', 'Walk', '', 'Less than 30 minutes', 'Excited and Happy', 'Walk', '', 'Less than 30 minutes', 'Tired and Lazy', 'Childhood Dream;'),
	('231987729', 'BS Computer Science', '1st year', '', '', 'Frederick Revilleza', 'Face-to-face', 'No', 'N/A', 'No', '', 'Yes', 'Yes', 'Home', 'Yes', 'Yes', 'Commute(Jeep, Taxi, Angkas, etc.)', '2 rides', 'Less than 30 minutes', 'Tired and Sleepy', 'Commute(Jeep, Taxi, Angkas, etc.)', '2 rides', '30 minutes to 1 hour', 'Relieved and Happy', 'Family Influence;Skill Development/Passion;'),
	('231165150', 'BS Computer Science', '1st year', '', '', 'Frederick Revilleza', 'Hybrid', 'No', 'N/A', 'No', '', 'Yes', 'Yes', 'Boarding House', 'Yes', 'Yes', 'Walk', '', 'Less than 30 minutes', 'Tired and Sleepy', 'Walk', '', 'Less than 30 minutes', 'Dreading Assignments','High Demand/Huge Job Opportunities;Skill Development/Passion;'),
	('236945985', 'BS Computer Science', '1st year', '', '', 'Frederick Revilleza', 'Face-to-face', 'No', 'N/A', 'No', '', 'Yes', 'Yes', 'Home', 'Yes', 'Yes', 'Personal(Car, Bike, Motorcycle, etc.)', '', 'Less than 30 minutes', 'Tired and Sleepy', 'Personal(Car, Bike, Motorcycle, etc.)', '', '30 minutes to 1 hour', 'Relieved and Happy', 'Childhood Dream;'),
	('233109286', 'BS Computer Science', '1st year', '', '', 'Frederick Revilleza', 'Face-to-face', 'No', 'N/A', 'No', '', 'Yes', 'Yes', 'Boarding House', 'Yes', 'No', 'Walk', '', 'Less than 30 minutes', 'Tired and Sleepy', 'Walk', '', 'Less than 30 minutes', 'Dreading Assignments', 'High Salary/Financial Stability;'),
	('170545444', 'BS Computer Science', '1st year', '', '', 'Frederick Revilleza', 'Face-to-face', 'No', 'N/A', 'No', '', 'Yes', 'Yes', 'Home', 'Yes', 'Yes', 'Walk', '', 'Less than 30 minutes', 'Tired and Sleepy', 'Walk', '', 'Less than 30 minutes', 'Tired and Lazy', 'Skill Development/Passion;'),
	('236892742', 'BS Computer Science', '1st year', '', '', 'Frederick Revilleza', 'Face-to-face', 'No', 'Duke Frasco;', 'No', '', 'Yes', 'Yes', 'Home', 'No', 'Yes', 'Commute(Jeep, Taxi, Angkas, etc.)', '2 rides', '1 hour - 2 hours', 'Tired and Sleepy', 'Commute(Jeep, Taxi, Angkas, etc.)', '2 rides', '1 hour - 2 hours', 'Tired and Lazy', 'Good School Reputation;Skill Development/Passion;'),
	('232648343', 'BS Computer Science', '1st year', '', '', 'Frederick Revilleza', 'Face-to-face', 'Yes', 'CHED Scholarship;', 'No', '', 'Yes', 'Yes', 'Home', 'Yes', 'Yes', 'Commute(Jeep, Taxi, Angkas, etc.)', '2 rides', '30 minutes to 1 hour', 'Excited and Happy', 'Commute(Jeep, Taxi, Angkas, etc.)', '2 rides', '30 minutes to 1 hour', 'Tired and Lazy', 'High Demand/Huge Job Opportunities;'),
	('233018809', 'BS Computer Science', '1st year', '', '', 'Frederick Revilleza', 'Face-to-face', 'Yes', 'CIT-U Academic Scholarship (Senior High School Honor Graduate);', 'No', '', 'Yes', 'Yes', 'Boarding House', 'No', 'Yes', 'Walk', '', 'Less than 30 minutes', 'Tired and Sleepy', 'Walk', '', 'Less than 30 minutes', 'Tired and Lazy', 'Good School Reputation;'),
	('231603575', 'BS Computer Science', '1st year', '', '', 'Frederick Revilleza', 'Face-to-face', 'Yes', 'DOST Scholarship;CIT-U Academic Scholarship (Senior High School Honor Graduate);', 'Yes', 'C#;', 'Yes', 'Yes', 'Home', 'Yes', 'Yes', 'Commute(Jeep, Taxi, Angkas, etc.)', '1 ride', 'Less than 30 minutes', 'Tired and Sleepy', 'Commute(Jeep, Taxi, Angkas, etc.)', '1 ride', 'Less than 30 minutes', 'Dreading Assignments', 'High Demand/Huge Job Opportunities;'),
	('194004588', 'BS Computer Science', '1st year', '', '', 'Frederick Revilleza', 'Face-to-face', 'No', 'N/A', 'No', '', 'Yes', 'Yes', 'Home', 'Yes', 'Yes', 'Commute(Jeep, Taxi, Angkas, etc.)', '3 rides', '1 hour - 2 hours', 'Tired and Sleepy', 'Commute(Jeep, Taxi, Angkas, etc.)', '3 rides', '3 hours and above', 'Dreading Assignments', 'Family Influence;High Salary/Financial Stability;'),
	('232079543', 'BS Computer Science', '1st year', '', '', 'Frederick Revilleza', 'Face-to-face', 'No', 'N/A', 'No', '', 'Yes', 'Yes', 'Home', 'No', 'No', 'Commute(Jeep, Taxi, Angkas, etc.)', '1 ride', 'Less than 30 minutes', 'Tired and Sleepy', 'Walk', '', 'Less than 30 minutes', 'Tired and Lazy', 'Piqued Interest;Skill Development/Passion;'),
	('231998921', 'BS Computer Science', '1st year', '', '', 'Frederick Revilleza', 'Face-to-face', 'No', 'N/A', 'No', '', 'Yes', 'No', 'Home', 'Yes', 'Yes', 'Commute(Jeep, Taxi, Angkas, etc.)', '4 rides and above', '1 hour - 2 hours', 'Tired and Sleepy', 'Commute(Jeep, Taxi, Angkas, etc.)', '3 rides', '1 hour - 2 hours', 'Tired and Lazy', 'Piqued Interest;Skill Development/Passion;'),
	('232217877', 'BS Computer Science', '1st year', '', '', 'Frederick Revilleza', 'Face-to-face', 'Yes', 'DOST Scholarship;', 'No', '', 'Yes', 'Yes', 'Boarding House', 'No', 'No', 'Walk', '', 'Less than 30 minutes', 'Tired and Sleepy', 'Walk', '', 'Less than 30 minutes', 'Dreading Assignments', 'Piqued Interest;Skill Development/Passion;'),
	('231754768', 'BS Computer Science', '1st year', '', '', 'Frederick Revilleza', 'Face-to-face', 'No', 'N/A', 'No', '', 'Yes', 'Yes', 'Home', 'Yes', 'Yes', 'Commute(Jeep, Taxi, Angkas, etc.)', '1 ride', '1 hour - 2 hours', 'Tired and Sleepy', 'Commute(Jeep, Taxi, Angkas, etc.)', '1 ride', '1 hour - 2 hours', 'Dreading Assignments', 'Family Influence;'),
	('232772181', 'BS Computer Science', '1st year', '', '', 'Frederick Revilleza', 'Face-to-face', 'No', 'N/A', 'Yes', 'Python;Javascript;', 'Yes', 'Yes', 'Home', 'Yes', 'Yes', 'Commute(Jeep, Taxi, Angkas, etc.)', '1 ride', 'Less than 30 minutes', 'Tired and Sleepy', 'Walk', '', 'Less than 30 minutes', 'Relieved and Happy', 'Family Influence;'),
	('232753290', 'BS Computer Science', '1st year', '', '', 'Frederick Revilleza', 'Hybrid', 'No', 'N/A', 'No', '', 'Yes', 'Yes', 'Home', 'Yes', 'Yes', 'Commute(Jeep, Taxi, Angkas, etc.)', '2 rides', '30 minutes to 1 hour', 'Tired and Sleepy', 'Commute(Jeep, Taxi, Angkas, etc.)', '2 rides', '30 minutes to 1 hour', 'Relieved and Happy', 'Skill Development/Passion;'), 
	('231479398', 'BS Computer Science', '1st year', '', '', 'Frederick Revilleza', 'Face-to-face', 'Yes', 'DOST Scholarship;CIT-U Special Academic Scholarship (Cebu City National Science High School Graduates/ Philippine Science High School Graduates);', 'Yes', 'C Language;', 'Yes', 'Yes', 'Home', 'Yes', 'Yes', 'Personal(Car, Bike, Motorcycle, etc.)', '', 'Less than 30 minutes', 'Tired and Sleepy', 'Personal(Car, Bike, Motorcycle, etc.)', '', '1 hour - 2 hours', 'Tired and Lazy', 'Skill Development/Passion;'),
	('233280395', 'BS Computer Science', '1st year', '', '', 'Frederick Revilleza', 'Face-to-face', 'Yes', 'DOST Scholarship;', 'Yes', 'C Language;', 'Yes', 'Yes', 'Home', 'No', 'Yes', 'Walk', '', 'Less than 30 minutes', 'Tired and Sleepy', 'Walk', '', 'Less than 30 minutes', 'Tired and Lazy', 'Skill Development/Passion;'),
	('232076731', 'BS Computer Science', '1st year', '', '', 'Frederick Revilleza', 'Face-to-face', 'No', 'N/A', 'Yes', 'Pascal and BASIC;', 'Yes', 'No', 'Home', 'No', 'Yes', 'Commute(Jeep, Taxi, Angkas, etc.)', '1 ride', '1 hour - 2 hours', 'Tired and Sleepy', 'Commute(Jeep, Taxi, Angkas, etc.)', '1 ride', '1 hour - 2 hours', 'Tired and Lazy', 'Skill Development/Passion;'),
	('232159735', 'BS Computer Science', '1st year', '', '', 'Frederick Revilleza', 'Face-to-face', 'Yes', 'DOST Scholarship;', 'Yes', 'C Language;Dart;', 'Yes', 'Yes', 'Home', 'No', 'No', 'Commute(Jeep, Taxi, Angkas, etc.)', '1 ride', 'Less than 30 minutes', 'Excited and Happy', 'Walk', '', '30 minutes to 1 hour', 'Relieved and Happy', 'Skill Development/Passion;'),
	('201843115', 'BS Computer Science', '1st year', '', '', 'Frederick Revilleza', 'Hybrid', 'Yes', 'Cebu City Scholarship;', 'No', '', 'Yes', 'Yes', 'Home', 'Yes', 'Yes', 'Personal(Car, Bike, Motorcycle, etc.)', '', 'Less than 30 minutes', 'Tired and Sleepy', 'Personal(Car, Bike, Motorcycle, etc.)', '', 'Less than 30 minutes', 'Tired and Lazy', 'No Board Exam;High Demand/Huge Job Opportunities;'),
	('233217874', 'BS Computer Science', '1st year', '', '', 'Frederick Revilleza', 'Face-to-face', 'No', 'N/A', 'No', '', 'Yes', 'Yes', 'Home', 'Yes', 'Yes', 'Personal(Car, Bike, Motorcycle, etc.)', '', '1 hour - 2 hours', 'Tired and Sleepy', 'Commute(Jeep, Taxi, Angkas, etc.)', '3 rides', '3 hours and above', 'Tired and Lazy', 'High Demand/Huge Job Opportunities;'),
	('232851520', 'BS Computer Science', '1st year', '', '', 'Frederick Revilleza', 'Face-to-face', 'Yes', 'Cebu City Scholarship;', 'No', '', 'No', 'Yes', 'Home', 'No', 'No', 'Walk', '', 'Less than 30 minutes', 'Excited and Happy', 'Walk', '', 'Less than 30 minutes', 'Tired and Lazy', 'High Demand/Huge Job Opportunities;Skill Development/Passion;'),
	('232297300', 'BS Computer Science', '1st year', '', '', 'Frederick Revilleza', 'Face-to-face', 'Yes', 'CIT-U Academic Scholarship (Senior High School Honor Graduate);', 'No', '', 'Yes', 'Yes', 'Home', 'Yes', 'Yes', 'Commute(Jeep, Taxi, Angkas, etc.)', '1 ride', 'Less than 30 minutes', 'Tired and Sleepy', 'Commute(Jeep, Taxi, Angkas, etc.)', '1 ride', 'Less than 30 minutes', 'Relieved and Happy', 'Childhood Dream;Skill Development/Passion;'),
	('233047534', 'BS Computer Science', '1st year', '', '', 'Frederick Revilleza', 'Face-to-face', 'No', 'N/A', 'Yes', 'HTML, MySql;', 'Yes', 'Yes', 'Home', 'Yes', 'Yes', 'Commute(Jeep, Taxi, Angkas, etc.)', '2 rides', '30 minutes to 1 hour', 'Tired and Sleepy', 'Commute(Jeep, Taxi, Angkas, etc.)', '2 rides', 'Less than 30 minutes', 'Relieved and Happy', 'Piqued Interest;Skill Development/Passion;'),
	('183084285', 'BS Computer Science', '1st year', '', '', 'Frederick Revilleza', 'Face-to-face', 'No', '', 'No', '', 'Yes', 'Yes', 'Home', 'No', 'No', 'Commute(Jeep, Taxi, Angkas, etc.)', '1 ride', 'Less than 30 minutes', 'Tired and Sleepy', 'Walk', '', 'Less than 30 minutes', 'Relieved and Happy', 'Family Influence;'),
	('232691735', 'BS Computer Science', '1st year', '', '', 'Frederick Revilleza', 'Face-to-face', 'No', 'N/A', 'No', '', 'Yes', 'Yes', 'Home', 'Yes', 'No', 'Commute(Jeep, Taxi, Angkas, etc.)', '2 rides', '30 minutes to 1 hour', 'Tired and Sleepy', 'Commute(Jeep, Taxi, Angkas, etc.)', '2 rides', '30 minutes to 1 hour', 'Dreading Assignments', 'Skill Development/Passion;'),
	('236451315', 'BS Computer Science', '1st year', '', '', 'Jay Vince D. Serato', 'Face-to-face', 'No', '', 'No', '', 'Yes', 'Yes', 'Boarding House', 'Yes', 'Yes', 'Walk', '', 'Less than 30 minutes', 'Tired and Sleepy', 'Walk', '', 'Less than 30 minutes', 'Tired and Lazy', 'Family Influence;'),
	('235199828', 'BS Information Technology', '1st year', '', '', 'Jay Vince D. Serato', 'Hybrid (Online + Face-to-face)', 'No', '', 'No', '', 'No', 'No', 'Boarding House', 'No', 'No', 'Walk', '', '30 minutes to 1 hour', 'Tired and Sleepy', 'Walk', '', '30 minutes to 1 hour', 'Tired and Lazy', 'Skill Development/Passion;'),
	('235762459', 'BS Computer Science', '1st year', '', '', 'Jay Vince D. Serato', 'Hybrid (Online + Face-to-face)', 'Yes', 'DOST Scholarship;CIT-U Academic Scholarship (Senior High School Honor Graduate);', 'Yes', 'Python;C++;C#;', 'Yes', 'Yes', 'Boarding House', 'No', 'Yes', 'Walk', '', 'Less than 30 minutes', 'Tired and Sleepy', 'Walk', '', 'Less than 30 minutes', 'Tired and Lazy', 'Family Influence;'),
	('235669609', 'BS Information Technology', '1st year', '', '', 'Jay Vince D. Serato', 'Face-to-face', 'No', '', 'No', '', 'Yes', 'Yes', 'Home', 'No', 'No', 'Commute(Jeep, Taxi, Angkas, etc.)', '1 ride', 'Less than 30 minutes', 'Excited and Happy', 'Commute(Jeep, Taxi, Angkas, etc.)', '1 ride', 'Less than 30 minutes', 'Relieved and Happy', 'Not my choice;'),
	('195529442', 'BS Information Technology', '2nd year', '3.1', '3.0-3.3', 'Jay Vince D. Serato', 'Face-to-face', 'No', '', 'Yes', 'Python;', 'Yes', 'Yes', 'Home', 'Yes', 'No', 'Commute(Jeep, Taxi, Angkas, etc.)', '1 ride', 'Less than 30 minutes', 'Excited and Happy', 'Commute(Jeep, Taxi, Angkas, etc.)', '1 ride', 'Less than 30 minutes', 'Relieved and Happy', 'Skill Development/Passion;'),
	('233917543', 'BS Computer Science', '1st year', '', '', 'Frederick Revilleza', 'Hybrid (Online + Face-to-face)', 'Yes', 'CIT-U Special Academic Scholarship (Cebu City National Science High School Graduates/ Philippine Science High School Graduates);', 'No', '', 'Yes', 'No', 'Home', 'Yes', 'No', 'Commute(Jeep, Taxi, Angkas, etc.)', '2 rides', '1 hour - 2 hours', 'Tired and Sleepy', 'Commute(Jeep, Taxi, Angkas, etc.)', '2 rides', '1 hour - 2 hours', 'Tired and Lazy', 'Piqued Interest;Skill Development/Passion;'),
	('234383545', 'BS Computer Science', '1st year', '', '', 'Frederick Revilleza', 'Face-to-face', 'Yes', 'DOST Scholarship;CIT-U Special Academic Scholarship (Cebu City National Science High School Graduates/ Philippine Science High School Graduates);', 'Yes', 'C Language;', 'Yes', 'Yes', 'Home', 'No', 'No', 'Commute(Jeep, Taxi, Angkas, etc.)', '1 ride', 'Less than 30 minutes', 'Excited and Happy', 'Commute(Jeep, Taxi, Angkas, etc.)', '1 ride', 'Less than 30 minutes', 'Relieved and Happy', 'Social Influence;'),
	('215714872', 'BS Computer Science', '1st year', '', '', 'Frederick Revilleza', 'Face-to-face', 'No', '', 'No', '', 'Yes', 'Yes', 'Home', 'Yes', 'Yes', 'Personal(Car, Bike, Motorcycle, etc.)', '', 'Less than 30 minutes', 'Excited and Happy', 'Personal(Car, Bike, Motorcycle, etc.)', '', 'Less than 30 minutes', 'Relieved and Happy', 'High Salary/Financial Stability;'),
	('234601608', 'BS Computer Science', '1st year', '', '', 'Frederick Revilleza', 'Face-to-face', 'Yes', 'CHED Scholarship;', 'No', '', 'Yes', 'Yes', 'Home', 'No', 'No', 'Personal(Car, Bike, Motorcycle, etc.)', '', 'Less than 30 minutes', 'Tired and Sleepy', 'Commute(Jeep, Taxi, Angkas, etc.)', '1 ride', 'Less than 30 minutes', 'Tired and Lazy', 'High Demand/Huge Job Opportunities;'),
	('233952209', 'BS Computer Science', '1st year', '', '', 'Frederick Revilleza', 'Hybrid (Online + Face-to-face)', 'No', '', 'No', '', 'Yes', 'Yes', 'Home', 'Yes', 'Yes', 'Personal(Car, Bike, Motorcycle, etc.)', '', '30 minutes to 1 hour', 'Tired and Sleepy', 'Personal(Car, Bike, Motorcycle, etc.)', '', '30 minutes to 1 hour', 'Tired and Lazy', 'Skill Development/Passion;'),
	('232416830', 'BS Computer Science', '1st year', '', '', 'Frederick Revilleza', 'Face-to-face', 'No', '', 'No', '', 'Yes', 'No', 'Boarding House', 'Yes', 'No', 'Walk', '', 'Less than 30 minutes', 'Tired and Sleepy', 'Walk', '', 'Less than 30 minutes', 'Dreading Assignments', 'Piqued Interest;Skill Development/Passion;'),
	('201140024', 'BS Computer Science', '1st year', '', '', 'Frederick Revilleza', 'Face-to-face', 'Yes', 'CIT-U Academic Scholarship (Senior High School Honor Graduate);', 'No', '', 'Yes', 'Yes', 'Home', 'No', 'No', 'Commute(Jeep, Taxi, Angkas, etc.)', '1 ride', 'Less than 30 minutes', 'Excited and Happy', 'Commute(Jeep, Taxi, Angkas, etc.)', '1 ride', 'Less than 30 minutes', 'Relieved and Happy', 'Family Influence'),
	('234184587', 'BS Computer Science', '1st year', '', '', 'Frederick Revilleza', 'Face-to-face', 'No', '', 'No', '', 'Yes', 'No', 'Home', 'Yes', 'Yes', 'Personal(Car, Bike, Motorcycle, etc.)', '', '30 minutes to 1 hour', 'Tired and Sleepy', 'Personal(Car, Bike, Motorcycle, etc.)', '', '30 minutes to 1 hour', 'Tired and Lazy', 'Family Influence;Social Influence;'),
	('130498411', 'BS Computer Science', '1st year', '', '', 'Frederick Revilleza', 'Face-to-face', 'No', '', 'Yes', 'Python;Java;', 'Yes', 'Yes', 'Home', 'Yes', 'Yes', 'Personal(Car, Bike, Motorcycle, etc.)', '', 'Less than 30 minutes', 'Tired and Sleepy', 'Walk', '', 'Less than 30 minutes', 'Tired and Lazy', 'Piqued Interest;'),
	('233570713', 'BS Computer Science', '1st year', '', '', 'Frederick Revilleza', 'Face-to-face', 'No', '', 'No', '', 'Yes', 'No', 'Home', 'Yes', 'Yes', 'Commute(Jeep, Taxi, Angkas, etc.)', '2 rides', '1 hour - 2 hours', 'Tired and Sleepy', 'Commute(Jeep, Taxi, Angkas, etc.)', '2 rides', '1 hour - 2 hours', 'Dreading Assignments', 'Skill Development/Passion;'),
	('233389370', 'BS Computer Science', '1st year', '', '', 'Frederick Revilleza', 'Face-to-face', 'No', '', 'No', '', 'Yes', 'No', 'Home', 'Yes', 'Yes', 'Commute(Jeep, Taxi, Angkas, etc.)', '2 rides', '1 hour - 2 hours', 'Tired and Sleepy', 'Commute(Jeep, Taxi, Angkas, etc.)', '2 rides', '1 hour - 2 hours', 'Tired and Lazy', 'High Demand/Huge Job Opportunities'),
	('233693138', 'BS Computer Science', '1st year', '', '', 'Frederick Revilleza', 'Face-to-face', 'No', '', 'No', '', 'No', 'Yes', 'Boarding House', 'No', 'No', 'Commute(Jeep, Taxi, Angkas, etc.)', '1 ride', 'Less than 30 minutes', 'Excited and Happy', 'Commute(Jeep, Taxi, Angkas, etc.)', '1 ride', '30 minutes to 1 hour', 'Relieved and Happy', 'Good School Reputation;'),
	('201140029', 'BS Computer Science', '1st year', '', '', 'Frederick Revilleza', 'Face-to-face', 'Yes', 'CIT-U Academic Scholarship (Senior High School Honor Graduate);CHED Scholarship;', 'No', '', 'Yes', 'Yes', 'Home', 'Yes', 'No', 'Walk', '', 'Less than 30 minutes', 'Tired and Sleepy', 'Walk', '', 'Less than 30 minutes', 'Relieved and Happy', 'High Salary/Financial Stability;'),
	('225330924', 'BS Information Technology', '1st year', '', '', 'Frederick Revilleza', 'Face-to-face', 'No', '', 'No', '', 'Yes', 'Yes', 'Home', 'Yes', 'No', 'Commute(Jeep, Taxi, Angkas, etc.)', '1 ride', 'Less than 30 minutes', 'Tired and Sleepy', 'Commute(Jeep, Taxi, Angkas, etc.)', '1 ride', '30 minutes to 1 hour', 'Tired and Lazy', 'High Demand/Huge Job Opportunities;'),
	('234739174', 'BS Computer Science', '1st year', '', '', 'Frederick Revilleza', 'Face-to-face', 'No', '', 'No', '', 'Yes', 'Yes', 'Boarding House', 'No', 'No', 'Commute(Jeep, Taxi, Angkas, etc.)', '2 rides', '30 minutes to 1 hour', 'Excited and Happy', 'Commute(Jeep, Taxi, Angkas, etc.)', '2 rides', '30 minutes to 1 hour', 'Relieved and Happy', 'High Demand/Huge Job Opportunities;'),
	('234205826', 'BS Computer Science', '1st year', '', '', 'Frederick Revilleza', 'Face-to-face', 'Yes', 'CHED Scholarship;', 'No', '', 'Yes', 'Yes', 'Boarding House', 'No', 'No', 'Walk', '', 'Less than 30 minutes', 'Excited and Happy', 'Walk', '', 'Less than 30 minutes', 'Dreading Assignments', 'Good School Reputation;'),
	('234515683', 'BS Computer Science', '1st year', '', '', 'Frederick Revilleza', 'Face-to-face', 'No', '', 'No', '', 'Yes', 'Yes', 'Rented Condo', 'Yes', 'Yes', 'Personal(Car, Bike, Motorcycle, etc.)', '', 'Less than 30 minutes', 'Tired and Sleepy', 'Commute(Jeep, Taxi, Angkas, etc.)', '2 rides', 'Less than 30 minutes', 'Relieved and Happy', 'Family Influence;'),
	('233429486', 'BS Information Technology', '1st year', '', '', 'Frederick Revilleza', 'Face-to-face', 'No', '', 'No', '', 'Yes', 'Yes', 'Home', 'Yes', 'Yes', 'Commute(Jeep, Taxi, Angkas, etc.)', '2 rides', '1 hour - 2 hours', 'Tired and Sleepy', 'Personal(Car, Bike, Motorcycle, etc.)', '', '1 hour - 2 hours', 'Tired and Lazy', 'Good School Reputation;'),
	('234496954', 'BS Computer Science', '1st year', '', '', 'Frederick Revilleza', 'Face-to-face', 'Yes', 'DOST Scholarship;', 'Yes', 'C Language;Java;Python;', 'Yes', 'Yes', 'Boarding House', 'Yes', 'Yes', 'Walk', '', 'Less than 30 minutes', 'Excited and Happy', 'Walk', '', 'Less than 30 minutes', 'Tired and Lazy', 'Piqued Interest;'),
	('233855504', 'BS Computer Science', '1st year', '', '', 'Frederick Revilleza', 'Face-to-face', 'No', '', 'No', '', 'Yes', 'Yes', 'Home', 'Yes', 'Yes', 'Walk', '', 'Less than 30 minutes', 'Excited and Happy', 'Walk', '', 'Less than 30 minutes', 'Dreading Assignments', 'Childhood Dream;Skill Development/Passion;'),
	('234078311', 'BS Computer Science', '1st year', '', '', 'Frederick Revilleza', 'Face-to-face', 'No', '', 'No', '', 'Yes', 'Yes', 'Home', 'No', 'Yes', 'Commute(Jeep, Taxi, Angkas, etc.)', '1 ride', 'Less than 30 minutes', 'Tired and Sleepy', 'Walk', '', '30 minutes to 1 hour', 'Tired and Lazy', 'Skill Development/Passion;'),
	('222097673', 'BS Computer Science', '1st year', '', '', 'Frederick Revilleza', 'Face-to-face', 'No', '', 'Yes', 'C++;C Language;Python;Java;', 'Yes', 'Yes', 'Home', 'Yes', 'Yes', 'Commute(Jeep, Taxi, Angkas, etc.)', '1 ride', '30 minutes to 1 hour', 'Tired and Sleepy', 'Commute(Jeep, Taxi, Angkas, etc.)', '1 ride', '30 minutes to 1 hour', 'Relieved and Happy', 'Skill Development/Passion;'),
	('212600934', 'BS Computer Science', '1st year', '', '', 'Frederick Revilleza', 'Face-to-face', 'Yes', 'DOST Scholarship;CIT-U Academic Scholarship (Senior High School Honor Graduate);Alliance Software Inc. Scholarship;', 'No', '', 'Yes', 'No', 'Boarding House', 'Yes', 'Yes', 'Commute(Jeep, Taxi, Angkas, etc.)', '2 rides', '1 hour - 2 hours', 'Tired and Sleepy', 'Commute(Jeep, Taxi, Angkas, etc.)', '2 rides', '1 hour - 2 hours', 'Relieved and Happy', 'High Demand/Huge Job Opportunities;'),
	('213082308', 'BS Computer Science', '1st year', '', '', 'Frederick Revilleza', 'Face-to-face', 'No', '', 'No', '', 'Yes', 'Yes', 'Boarding House', 'Yes', 'Yes', 'Personal(Car, Bike, Motorcycle, etc.)', '', 'Less than 30 minutes', 'Tired and Sleepy', 'Personal(Car, Bike, Motorcycle, etc.)', '', 'Less than 30 minutes', 'Tired and Lazy', 'Good School Reputation;'),
	('211224254', 'BS Computer Science', '1st year', '', '', 'Frederick Revilleza', 'Face-to-face', 'Yes', 'DOST Scholarship;CIT-U Academic Scholarship (Senior High School Honor Graduate);', 'No', '', 'Yes', 'No', 'Boarding House', 'No', 'No', 'Walk', '', 'Less than 30 minutes', 'Tired and Sleepy', 'Walk', '', 'Less than 30 minutes', 'Relieved and Happy', 'Piqued Interest;High Demand/Huge Job Opportunities;High Salary/Financial Stability;'),
	('230527402', 'BS Computer Science', '1st year', '', '', 'Frederick Revilleza', 'Face-to-face', 'Yes', 'CHED Scholarship;', 'Yes', 'C Language;', 'No', 'Yes', 'Boarding House', 'No', 'No', 'Commute(Jeep, Taxi, Angkas, etc.)', '1 ride', 'Less than 30 minutes', 'Excited and Happy', 'Commute(Jeep, Taxi, Angkas, etc.)', '1 ride', 'Less than 30 minutes', 'Relieved and Happy', 'Skill Development/Passion;'),
	('231160434', 'BS Information Technology', '1st year', '', '', 'Erica Jean S. Abadinas', 'Face-to-face', 'No', '', 'No', '', 'Yes', 'No', 'Home', 'Yes', 'Yes', 'Commute(Jeep, Taxi, Angkas, etc.)', '2 rides', '30 minutes to 1 hour', 'Excited and Happy', 'Commute(Jeep, Taxi, Angkas, etc.)', '2 rides', '1 hour - 2 hours', 'Tired and Lazy', 'Skill Development/Passion;'),
	('234188468', 'BS Computer Science', '1st year', '', '', 'Frederick Revilleza', 'Face-to-face', 'No', '', 'Yes', 'Java;Python;C++;HTML;', 'Yes', 'Yes', 'Boarding House', 'Yes', 'Yes', 'Walk', '', 'Less than 30 minutes', 'Tired and Sleepy', 'Walk', '', 'Less than 30 minutes', 'Relieved and Happy', 'Skill Development/Passion;'),
	('231957693', 'BS Information Technology', '1st year', '', '', 'Erica Jean S. Abadinas', 'Face-to-face', 'No', '', 'No', '', 'Yes', 'Yes', 'Home', 'No', 'Yes', 'Commute(Jeep, Taxi, Angkas, etc.)', '1 ride', '1 hour - 2 hours', 'Tired and Sleepy', 'Commute(Jeep, Taxi, Angkas, etc.)', '1 ride', '1 hour - 2 hours', 'Tired and Lazy', 'High Demand/Huge Job Opportunities;'),
	('231597784', 'BS Information Technology', '1st year', '', '', 'Erica Jean S. Abadinas', 'Face-to-face', 'No', '', 'Yes', 'C#;', 'Yes', 'Yes', 'Home', 'Yes', 'No', 'Commute(Jeep, Taxi, Angkas, etc.)', '2 rides', '1 hour - 2 hours', 'Excited and Happy', 'Commute(Jeep, Taxi, Angkas, etc.)', '2 rides', '1 hour - 2 hours', 'Tired and Lazy', 'Skill Development/Passion;'),
	('231648595', 'BS Information Technology', '1st year', '', '', 'Erica Jean S. Abadinas', 'Face-to-face', 'No', '', 'Yes', 'Python;', 'Yes', 'Yes', 'Home', 'Yes', 'Yes', 'Commute(Jeep, Taxi, Angkas, etc.)', '3 rides', 'Less than 30 minutes', 'Tired and Sleepy', 'Commute(Jeep, Taxi, Angkas, etc.)', '3 rides', 'Less than 30 minutes', 'Relieved and Happy', 'High Demand/Huge Job Opportunities;'),
	('235711257', 'BS Computer Science', '1st year', '', '', 'Jay Vince D. Serato', 'Face-to-face', 'Yes', 'DOST Scholarship;', 'No', '', 'Yes', 'No', 'Boarding House', 'Yes', 'Yes', 'Walk', '', 'Less than 30 minutes', 'Excited and Happy', 'Walk', '', 'Less than 30 minutes', 'Tired and Lazy', 'High Demand/Huge Job Opportunities;'),
	('232290733', 'BS Information Technology', '1st year', '', '', 'Erica Jean S. Abadinas', 'Face-to-face', 'Yes', 'CHED Scholarship;', 'No', '', 'Yes', 'Yes', 'Home', 'Yes', 'No', 'Personal(Car, Bike, Motorcycle, etc.)', '', 'Less than 30 minutes', 'Tired and Sleepy', 'Personal(Car, Bike, Motorcycle, etc.)', '', 'Less than 30 minutes', 'Dreading Assignments', 'High Demand/Huge Job Opportunities;'),
	('231982527', 'BS Information Technology', '1st year', '', '', 'Erica Jean S. Abadinas', 'Face-to-face', 'No', '', 'No', '', 'Yes', 'Yes', 'Boarding House', 'Yes', 'Yes', 'Commute(Jeep, Taxi, Angkas, etc.)', '1 ride', 'Less than 30 minutes', 'Excited and Happy', 'Walk', '', 'Less than 30 minutes', 'Tired and Lazy', 'High Salary/Financial Stability;'),
	('232442334', 'BS Information Technology', '1st year', '', '', 'Erica Jean S. Abadinas', 'Face-to-face', 'No', '', 'No', '', 'Yes', 'No', 'Home', 'Yes', 'Yes', 'Commute(Jeep, Taxi, Angkas, etc.)', '1 ride', '30 minutes to 1 hour', 'Tired and Sleepy', 'Commute(Jeep, Taxi, Angkas, etc.)', '1 ride', '30 minutes to 1 hour', 'Tired and Lazy', 'High Demand/Huge Job Opportunities;'),
	('234358139', 'BS Computer Science', '1st year', '', '', 'Frederick Revilleza', 'Hybrid (Online + Face-to-face)', 'Yes', 'DOST Scholarship;', 'No', '', 'Yes', 'Yes', 'Home', 'No', 'Yes', 'Commute(Jeep, Taxi, Angkas, etc.)', '2 rides', '30 minutes to 1 hour', 'Excited and Happy', 'Commute(Jeep, Taxi, Angkas, etc.)', '2 rides', '30 minutes to 1 hour', 'Relieved and Happy', 'High Demand/Huge Job Opportunities;'),
	('200140043', 'BS Computer Science', '1st year', '', '', 'Jay Vince D. Serato', 'Face-to-face', 'Yes', 'DOST Scholarship;CIT-U Academic Scholarship (Senior High School Honor Graduate);', 'Yes', 'C Language;C#;Java;Python;', 'Yes', 'Yes', 'Home', 'No', 'Yes', 'Walk', '', 'Less than 30 minutes', 'Excited and Happy', 'Walk', '', 'Less than 30 minutes', 'Tired and Lazy', 'Skill Development/Passion;'),
	('235102415', 'BS Computer Science', '1st year', '', '', 'Jay Vince D. Serato', 'Face-to-face', 'No', '', 'No', '', 'No', 'Yes', 'Boarding House', 'No', 'Yes', 'Walk', '', 'Less than 30 minutes', 'Excited and Happy', 'Walk', '', 'Less than 30 minutes', 'Relieved and Happy', 'Not my choice;'),
	('170338635', 'BS Computer Science', '1st year', '', '', 'Frederick Revilleza', 'Face-to-face', 'No', '', 'No', '', 'Yes', 'Yes', 'Home', 'Yes', 'Yes', 'Walk', '', 'Less than 30 minutes', 'Excited and Happy', 'Walk', '', 'Less than 30 minutes', 'Relieved and Happy', 'Skill Development/Passion;'),
	('120470443', 'BS Information Technology', '1st year', '', '', 'Erica Jean S. Abadinas', 'Face-to-face', 'Yes', 'CHED Scholarship;', 'No', '', 'Yes', 'Yes', 'Home', 'No', 'Yes', 'Walk', '', 'Less than 30 minutes', 'Tired and Sleepy', 'Walk', '', 'Less than 30 minutes', 'Dreading Assignments', 'Social Influence;Skill Development/Passion;'),
	('232302526', 'BS Information Technology', '1st year', '', '', 'Erica Jean S. Abadinas', 'Face-to-face', 'No', '', 'Yes', 'C#;C++;', 'Yes', 'No', 'Home', 'No', 'Yes', 'Commute(Jeep, Taxi, Angkas, etc.)', '2 rides', '30 minutes to 1 hour', 'Tired and Sleepy', 'Commute(Jeep, Taxi, Angkas, etc.)', '2 rides', '30 minutes to 1 hour', 'Excited on doing Assignments', 'Family Influence;Piqued Interest;'),
	('231924354', 'BS Information Technology', '1st year', '', '', 'Erica Jean S. Abadinas', 'Face-to-face', 'No', '', 'No', '', 'Yes', 'Yes', 'Home', 'Yes', 'Yes', 'Personal(Car, Bike, Motorcycle, etc.)', '', 'Less than 30 minutes', 'Excited and Happy', 'Personal(Car, Bike, Motorcycle, etc.)', '', '30 minutes to 1 hour', 'Tired and Lazy', 'High Demand/Huge Job Opportunities;High Salary/Financial Stability;Skill Development/Passion;'),
	('207429858', 'BS Information Technology', '1st year', '', '', 'Erica Jean S. Abadinas', 'Hybrid (Online + Face-to-face)', 'No', '', 'Yes', 'JavaScript;Java;', 'Yes', 'Yes', 'Home', 'Yes', 'Yes', 'Personal(Car, Bike, Motorcycle, etc.)', '', 'Less than 30 minutes', 'Tired and Sleepy', 'Personal(Car, Bike, Motorcycle, etc.)', '', 'Less than 30 minutes', 'Relieved and Happy', 'High Demand/Huge Job Opportunities;'),
	('232047462', 'BS Information Technology', '1st year', '', '', 'Erica Jean S. Abadinas', 'Face-to-face', 'No', '', 'No', '', 'Yes', 'Yes', 'Home', 'No', 'Yes', 'Commute(Jeep, Taxi, Angkas, etc.)', '1 ride', '1 hour - 2 hours', 'Tired and Sleepy', 'Commute(Jeep, Taxi, Angkas, etc.)', '1 ride', '1 hour - 2 hours', 'Relieved and Happy', 'High Demand/Huge Job Opportunities;'),
	('231805297', 'BS Information Technology', '1st year', '', '', 'Erica Jean S. Abadinas', 'Face-to-face', 'No', '', 'No', '', 'Yes', 'Yes', 'Home', 'No', 'Yes', 'Commute(Jeep, Taxi, Angkas, etc.)', '2 rides', '30 minutes to 1 hour', 'Tired and Sleepy', 'Commute(Jeep, Taxi, Angkas, etc.)', '1 ride', '1 hour - 2 hours', 'Dreading Assignments', 'Skill Development/Passion;'),
	('231795734', 'BS Information Technology', '1st year', '', '', 'Erica Jean S. Abadinas', 'Face-to-face', 'Yes', 'DOST Scholarship;CIT-U Special Academic Scholarship (Cebu City National Science High School Graduates/ Philippine Science High School Graduates);', 'Yes', 'C Language;', 'Yes', 'Yes', 'Home', 'Yes', 'Yes', 'Commute(Jeep, Taxi, Angkas, etc.)', '1 ride', '30 minutes to 1 hour', 'Excited and Happy', 'Commute(Jeep, Taxi, Angkas, etc.)', '1 ride', '30 minutes to 1 hour', 'Relieved and Happy', 'Piqued Interest;'),
	('233757111', 'BS Information Technology', '1st year', '', '', 'Erica Jean S. Abadinas', 'Face-to-face', 'Yes', 'Cebu City Scholarship;', 'No', '', 'Yes', 'Yes', 'Home', 'No', 'Yes', 'Commute(Jeep, Taxi, Angkas, etc.)', '2 rides', '30 minutes to 1 hour', 'Excited and Happy', 'Commute(Jeep, Taxi, Angkas, etc.)', '2 rides', '30 minutes to 1 hour', 'Tired and Lazy', 'Piqued Interest;Skill Development/Passion;'),
	('235442132', 'BS Information Technology', '1st year', '', '', 'Jay Vince D. Serato', 'Hybrid (Online + Face-to-face)', 'No', '', 'No', '', 'Yes', 'Yes', 'Home', 'No', 'Yes', 'Commute(Jeep, Taxi, Angkas, etc.)', '1 ride', '1 hour - 2 hours', 'Tired and Sleepy', 'Commute(Jeep, Taxi, Angkas, etc.)', '1 ride', '1 hour - 2 hours', 'Dreading Assignments', 'High Salary/Financial Stability;'),
	('235852966', 'BS Computer Science', '1st year', '', '', 'Jay Vince D. Serato', 'Hybrid (Online + Face-to-face)', 'Yes', 'DOST Scholarship;', 'No', '', 'No', 'No', 'Home', 'No', 'Yes', 'Commute(Jeep, Taxi, Angkas, etc.)', '3 rides', '1 hour - 2 hours', 'Tired and Sleepy', 'Commute(Jeep, Taxi, Angkas, etc.)', '3 rides', '1 hour - 2 hours', 'Relieved and Happy', 'High Demand/Huge Job Opportunities;No Board Exam;'),
	('2017011848', 'BS Computer Science', '1st year', '', '', 'Frederick Revilleza', 'Face-to-face', 'No', '', 'Yes', 'Java;Python;Scratch;', 'Yes', 'Yes', 'Home', 'Yes', 'Yes', 'Commute(Jeep, Taxi, Angkas, etc.)', '1 ride', 'Less than 30 minutes', 'Excited and Happy', 'Walk', '', '30 minutes to 1 hour', 'Relieved and Happy', 'Skill Development/Passion;'),
	('235952883', 'BS Information Technology', '1st year', '', '', 'Jay Vince D. Serato', 'Face-to-face', 'No', '', 'No', '', 'No', 'Yes', 'Home', 'No', 'No', 'Walk', '', 'Less than 30 minutes', 'Tired and Sleepy', 'Walk', '', 'Less than 30 minutes', 'Tired and Lazy', 'Skill Development/Passion;'),
	('231925986', 'BS Information Technology', '1st year', '', '', 'Erica Jean S. Abadinas', 'Face-to-face', 'No', '', 'Yes', 'C Language;Java;', 'Yes', 'Yes', 'Home', 'Yes', 'Yes', 'Personal(Car, Bike, Motorcycle, etc.)', '', 'Less than 30 minutes', 'Excited and Happy', 'Walk', '', 'Less than 30 minutes', 'Excited on doing Assignments', 'High Salary/Financial Stability;Skill Development/Passion;'),
	('232250144', 'BS Information Technology', '1st year', '', '', 'Erica Jean S. Abadinas', 'Hybrid (Online + Face-to-face)', 'No', '', 'No', '', 'Yes', 'No', 'Boarding House', 'Yes', 'Yes', 'Walk', '', 'Less than 30 minutes', 'Tired and Sleepy', 'Walk', '', 'Less than 30 minutes', 'Dreading Assignments', 'High Demand/Huge Job Opportunities;Skill Development/Passion;'),
	('231934189', 'BS Information Technology', '1st year', '', '', 'Erica Jean S. Abadinas', 'Face-to-face', 'No', '', 'No', '', 'No', 'No', 'Home', 'No', 'Yes', 'Commute(Jeep, Taxi, Angkas, etc.)', '2 rides', '1 hour - 2 hours', 'Tired and Sleepy', 'Commute(Jeep, Taxi, Angkas, etc.)', '2 rides', '3 hours and above', 'Tired and Lazy', 'Skill Development/Passion;'),
	('232256994', 'BS Information Technology', '1st year', '', '', 'Erica Jean S. Abadinas', 'Face-to-face', 'No', '', 'Yes', 'Python;HTML,CSS;', 'Yes', 'Yes', 'Home', 'Yes', 'Yes', 'Commute(Jeep, Taxi, Angkas, etc.)', '1 ride', 'Less than 30 minutes', 'Tired and Sleepy', 'Commute(Jeep, Taxi, Angkas, etc.)', '1 ride', 'Less than 30 minutes', 'Tired and Lazy', 'Skill Development/Passion;'),
	('232081111', 'BS Information Technology', '1st year', '', '', 'Erica Jean S. Abadinas', 'Face-to-face', 'No', '', 'Yes', 'C#;Python;', 'Yes', 'No', 'Boarding House', 'Yes', 'Yes', 'Walk', '', 'Less than 30 minutes', 'Tired and Sleepy', 'Walk', '', 'Less than 30 minutes', 'Dreading Assignments', 'High Salary/Financial Stability;Skill Development/Passion;'),
	('232426543', 'BS Information Technology', '1st year', '', '', 'Erica Jean S. Abadinas', 'Face-to-face', 'No', '', 'No', '', 'Yes', 'No', 'Home', 'No', 'Yes', 'Commute(Jeep, Taxi, Angkas, etc.)', '3 rides', '1 hour - 2 hours', 'Tired and Sleepy', 'Commute(Jeep, Taxi, Angkas, etc.)', '3 rides', '1 hour - 2 hours', 'Tired and Lazy', 'Family Influence;'),
	('232082220', 'BS Information Technology', '1st year', '', '', 'Erica Jean S. Abadinas', 'Hybrid (Online + Face-to-face)', 'No', '', 'No', '', 'Yes', 'No', 'Home', 'No', 'Yes', 'Commute(Jeep, Taxi, Angkas, etc.)', '2 rides', '30 minutes to 1 hour', 'Tired and Sleepy', 'Commute(Jeep, Taxi, Angkas, etc.)', '2 rides', '30 minutes to 1 hour', 'Relieved and Happy', 'High Demand/Huge Job Opportunities;'), 
	('232357568', 'BS Information Technology', '1st year', '', '', 'Erica Jean S. Abadinas', 'Face-to-face', 'No', '', 'No', '', 'Yes', 'Yes', 'Condominium', 'No', 'Yes', 'Commute(Jeep, Taxi, Angkas, etc.)', '1 ride', 'Less than 30 minutes', 'Tired and Sleepy', 'Commute(Jeep, Taxi, Angkas, etc.)', '1 ride', 'Less than 30 minutes', 'Relieved and Happy', 'High Demand/Huge Job Opportunities;'),
	('230514783', 'BS Information Technology', '1st year', '', '', 'Erica Jean S. Abadinas', 'Face-to-face', 'No', '', 'No', '', 'No', 'Yes', 'Home', 'Yes', 'Yes', 'Commute(Jeep, Taxi, Angkas, etc.)', '1 ride', 'Less than 30 minutes', 'Tired and Sleepy', 'Commute(Jeep, Taxi, Angkas, etc.)', '1 ride', 'Less than 30 minutes', 'Tired and Lazy', 'Social Influence;High Demand/Huge Job Opportunities;High Salary/Financial Stability;'), 
	('232517769', 'BS Information Technology', '1st year', '', '', 'Erica Jean S. Abadinas', 'Hybrid (Online + Face-to-face)', 'No', '', 'No', '', 'Yes', 'Yes', 'Home', 'No', 'Yes', 'Walk', '', 'Less than 30 minutes', 'Excited and Happy', 'Walk', '', 'Less than 30 minutes', 'Tired and Lazy', 'Childhood Dream;Skill Development/Passion;Good School Reputation;'),
	('232013950', 'BS Information Technology', '1st year', '', '', 'Erica Jean S. Abadinas', 'Online', 'Yes', 'Cebu City Scholarship;', 'No', '', 'No', 'Yes', 'Home', 'No', 'Yes', 'Commute(Jeep, Taxi, Angkas, etc.)', '2 rides', '1 hour - 2 hours', 'Tired and Sleepy', 'Commute(Jeep, Taxi, Angkas, etc.)', '2 rides', '1 hour - 2 hours', 'Tired and Lazy', 'High Demand/Huge Job Opportunities;High Salary/Financial Stability;'),
	('231962676', 'BS Information Technology', '1st year', '', '', 'Erica Jean S. Abadinas', 'Face-to-face', 'No', '', 'No', '', 'Yes', 'Yes', 'Home', 'No', 'No', 'Commute(Jeep, Taxi, Angkas, etc.)', '2 rides', '1 hour - 2 hours', 'Tired and Sleepy', 'Commute(Jeep, Taxi, Angkas, etc.)', '2 rides', '1 hour - 2 hours', 'Tired and Lazy', 'Skill Development/Passion;'),
	('232635609', 'BS Information Technology', '1st year', '', '', 'Erica Jean S. Abadinas', 'Face-to-face', 'No', '', 'No', '', 'Yes', 'Yes', 'Home', 'Yes', 'Yes', 'Commute(Jeep, Taxi, Angkas, etc.)', '2 rides', '30 minutes to 1 hour', 'Tired and Sleepy', 'Commute(Jeep, Taxi, Angkas, etc.)', '2 rides', '30 minutes to 1 hour', 'Tired and Lazy', 'Piqued Interest;'),
	('218410880', 'BS Information Technology', '1st year', '', '', 'Cheryl B. Pantaleon', 'Face-to-face', 'No', '', 'No', '', 'Yes', 'Yes', 'Home', 'Yes', 'Yes', 'Personal(Car, Bike, Motorcycle, etc.)', '', 'Less than 30 minutes', 'Excited and Happy', 'Personal(Car, Bike, Motorcycle, etc.)', '', 'Less than 30 minutes', 'Relieved and Happy', 'Family Influence;'),
	('230761533', 'BS Information Technology', '1st year', '', '', 'Cheryl B. Pantaleon', 'Hybrid (Online + Face-to-face)', 'No', '', 'No', '', 'Yes', 'Yes', 'Home', 'Yes', 'No', 'Commute(Jeep, Taxi, Angkas, etc.)', '1 ride', '30 minutes to 1 hour', 'Tired and Sleepy', 'Commute(Jeep, Taxi, Angkas, etc.)', '1 ride', '30 minutes to 1 hour', 'Tired and Lazy', 'Good School Reputation;Skill Development/Passion;'),
	('230246135', 'BS Information Technology', '1st year', '', '', 'Cheryl B. Pantaleon', 'Face-to-face', 'No', '', 'No', '', 'Yes', 'Yes', 'Home', 'No', 'Yes', 'Commute(Jeep, Taxi, Angkas, etc.)', '2 rides', 'Less than 30 minutes', 'Excited and Happy', 'Commute(Jeep, Taxi, Angkas, etc.)', '2 rides', 'Less than 30 minutes', 'Tired and Lazy', 'Family Influence'),
	('232684947', 'BS Information Technology', '1st year', '', '', 'Cheryl B. Pantaleon', 'Hybrid (Online + Face-to-face)', 'Yes', 'CHED Scholarship;', 'No', '', 'Yes', 'Yes', 'Relatives House', 'Yes', 'Yes', 'Personal(Car, Bike, Motorcycle, etc.)', '', 'Less than 30 minutes', 'Tired and Sleepy', 'Personal(Car, Bike, Motorcycle, etc.)', '', 'Less than 30 minutes', 'Relieved and Happy', 'High Demand/Huge Job Opportunities;'),
	('230330749', 'BS Information Technology', '1st year', '', '', 'Cheryl B. Pantaleon', 'Face-to-face', 'No', '', 'Yes', 'C Language;Python;', 'Yes', 'Yes', 'Condominium', 'Yes', 'Yes', 'Commute(Jeep, Taxi, Angkas, etc.)', '1 ride', 'Less than 30 minutes', 'Tired and Sleepy', 'Commute(Jeep, Taxi, Angkas, etc.)', '1 ride', '30 minutes to 1 hour', 'Relieved and Happy', 'High Demand/Huge Job Opportunities;'),
	('230112653', 'BS Information Technology', '1st year', '', '', 'Cheryl B. Pantaleon', 'Hybrid (Online + Face-to-face)', 'No', '', 'No', '', 'Yes', 'Yes', 'Boarding House', 'No', 'Yes', 'Walk', '', 'Less than 30 minutes', 'Tired and Sleepy', 'Walk', '', 'Less than 30 minutes', 'Tired and Lazy', 'Childhood Dream;'),
	('230851107', 'BS Information Technology', '1st year', '', '', 'Cheryl B. Pantaleon', 'Face-to-face', 'No', '', 'No', '', 'Yes', 'Yes', 'Boarding House', 'Yes', 'Yes', 'Walk', '', 'Less than 30 minutes', 'Tired and Sleepy', 'Walk', '', 'Less than 30 minutes', 'Relieved and Happy', 'No reason;'),
	('231486900', 'BS Information Technology', '1st year', '', '', 'Cheryl B. Pantaleon', 'Face-to-face', 'No', '', 'No', '', 'Yes', 'Yes', 'Home', 'Yes', 'Yes', 'Personal(Car, Bike, Motorcycle, etc.)', '', '30 minutes to 1 hour', 'Tired and Sleepy', 'Personal(Car, Bike, Motorcycle, etc.)', '', '30 minutes to 1 hour', 'Relieved and Happy', 'Social Influence;'),
	('230267319', 'BS Information Technology', '1st year', '', '', 'Cheryl B. Pantaleon', 'Face-to-face', 'No', '', 'No', '', 'Yes', 'No', 'Boarding House', 'No', 'Yes', 'Walk', '', 'Less than 30 minutes', 'Tired and Sleepy', 'Walk', '', 'Less than 30 minutes', 'Dreading Assignments', 'Not my choice;'),
	('230837809', 'BS Information Technology', '1st year', '', '', 'Cheryl B. Pantaleon', 'Face-to-face', 'No', '', 'No', '', 'Yes', 'Yes', 'Condominium', 'No', 'Yes', 'Commute(Jeep, Taxi, Angkas, etc.)', '1 ride', 'Less than 30 minutes', 'Tired and Sleepy', 'Commute(Jeep, Taxi, Angkas, etc.)', '1 ride', 'Less than 30 minutes', 'Tired and Lazy', 'Not my choice;'),
	('230057927', 'BS Information Technology', '1st year', '', '', 'Cheryl B. Pantaleon', 'Face-to-face', 'No', '', 'No', '', 'Yes', 'No', 'Boarding House', 'Yes', 'Yes', 'Walk', '', 'Less than 30 minutes', 'Tired and Sleepy', 'Commute(Jeep, Taxi, Angkas, etc.)', '2 rides', '1 hour - 2 hours', 'Relieved and Happy', 'Good School Reputation;'),
	('230641447', 'BS Information Technology', '1st year', '', '', 'Cheryl B. Pantaleon', 'Face-to-face', 'No', '', 'No', '', 'Yes', 'No', 'Boarding House', 'Yes', 'Yes', 'Commute(Jeep, Taxi, Angkas, etc.)', '1 ride', 'Less than 30 minutes', 'Tired and Sleepy', 'Commute(Jeep, Taxi, Angkas, etc.)', '1 ride', 'Less than 30 minutes', 'Relieved and Happy', 'High Demand/Huge Job Opportunities;'),
	('234686868', 'BS Information Technology', '1st year', '', '', 'Cheryl B. Pantaleon', 'Face-to-face', 'No', '', 'No', '', 'Yes', 'Yes', 'Boarding House', 'No', 'No', 'Walk', '', 'Less than 30 minutes', 'Tired and Sleepy', 'Walk', '', 'Less than 30 minutes', 'Dreading Assignments', 'Good School Reputation;'),
	('230711470', 'BS Information Technology', '1st year', '', '', 'Cheryl B. Pantaleon', 'Face-to-face', 'No', '', 'No', '', 'Yes', 'No', 'Home', 'Yes', 'Yes', 'Personal(Car, Bike, Motorcycle, etc.)', '', 'Less than 30 minutes', 'Excited and Happy', 'Personal(Car, Bike, Motorcycle, etc.)', '', '30 minutes to 1 hour', 'Relieved and Happy', 'Piqued Interest;Skill Development/Passion;'),
	('231151936', 'BS Information Technology', '1st year', '', '', 'Cheryl B. Pantaleon', 'Face-to-face', 'No', '', 'No', '', 'Yes', 'Yes', 'Home', 'No', 'Yes', 'Commute(Jeep, Taxi, Angkas, etc.)', '2 rides', '30 minutes to 1 hour', 'Tired and Sleepy', 'Commute(Jeep, Taxi, Angkas, etc.)', '3 rides', '1 hour - 2 hours', 'Tired and Lazy', 'High Salary/Financial Stability;'),
	('230866858', 'BS Information Technology', '1st year', '', '', 'Cheryl B. Pantaleon', 'Face-to-face', 'No', '', 'No', '', 'Yes', 'Yes', 'Subdivision', 'No', 'No', 'Commute(Jeep, Taxi, Angkas, etc.)', '2 rides', '30 minutes to 1 hour', 'Excited and Happy', 'Commute(Jeep, Taxi, Angkas, etc.)', '2 rides', '30 minutes to 1 hour', 'Tired and Lazy', 'Family Influence;'),
	('230716981', 'BS Information Technology', '1st year', '', '', 'Cheryl B. Pantaleon', 'Hybrid (Online + Face-to-face)', 'No', '', 'No', '', 'Yes', 'Yes', 'Boarding House', 'Yes', 'No', 'Walk', '', 'Less than 30 minutes', 'Tired and Sleepy', 'Walk', '', 'Less than 30 minutes', 'Relieved and Happy', 'High Demand/Huge Job Opportunities;High Salary/Financial Stability;'),
	('230706415', 'BS Information Technology', '1st year', '', '', 'Cheryl B. Pantaleon', 'Face-to-face', 'No', '', 'No', '', 'Yes', 'Yes', 'Home', 'No', 'Yes', 'Commute(Jeep, Taxi, Angkas, etc.)', '1 ride', 'Less than 30 minutes', 'Tired and Sleepy', 'Commute(Jeep, Taxi, Angkas, etc.)', '1 ride', 'Less than 30 minutes', 'Relieved and Happy', 'Childhood Dream;Skill Development/Passion;'),
	('237074895', 'BS Information Technology', '1st year', '', '', 'Cheryl B. Pantaleon', 'Face-to-face', 'No', '', 'No', '', 'Yes', 'Yes', 'Home', 'Yes', 'Yes', 'Walk', '', 'Less than 30 minutes', 'Tired and Sleepy', 'Walk', '', 'Less than 30 minutes', 'Tired and Lazy', 'High Salary/Financial Stability;'),
	('230100845', 'BS Information Technology', '1st year', '', '', 'Cheryl B. Pantaleon', 'Face-to-face', 'No', '', 'No', '', 'Yes', 'No', 'Boarding House', 'No', 'No', 'Walk', '', 'Less than 30 minutes', 'Tired and Sleepy', 'Walk', '', 'Less than 30 minutes', 'Tired and Lazy', 'Piqued Interest;Skill Development/Passion;'), 
	('231009711', 'BS Information Technology', '1st year', '', '', 'Cheryl B. Pantaleon', 'Hybrid (Online + Face-to-face)', 'No', '', 'Yes', 'Java;C Language;HTML / CSS;', 'Yes', 'Yes', 'Home', 'Yes', 'Yes', 'Commute(Jeep, Taxi, Angkas, etc.)', '3 rides', '1 hour - 2 hours', 'Tired and Sleepy', 'Commute(Jeep, Taxi, Angkas, etc.)', '3 rides', '1 hour - 2 hours', 'Dreading Assignments', 'Family Influence;'),
	('230695527', 'BS Information Technology', '1st year', '', '', 'Cheryl B. Pantaleon', 'Face-to-face', 'No', '', 'Yes', 'C Language;C++;Java;', 'Yes', 'No', 'Home', 'Yes', 'Yes', 'Personal(Car, Bike, Motorcycle, etc.)', '', 'Less than 30 minutes', 'Excited and Happy', 'Personal(Car, Bike, Motorcycle, etc.)', '', '30 minutes to 1 hour', 'Tired and Lazy', 'High Salary/Financial Stability;'),
	('231213960', 'BS Information Technology', '1st year', '', '', 'Cheryl B. Pantaleon', 'Face-to-face', 'No', '', 'No', '', 'Yes', 'Yes', 'Home', 'Yes', 'Yes', 'Commute(Jeep, Taxi, Angkas, etc.)', '1 ride', 'Less than 30 minutes', 'Tired and Sleepy', 'Walk', '', 'Less than 30 minutes', 'Dreading Assignments', 'Childhood Dream;High Salary/Financial Stability;'),
	('231010477', 'BS Information Technology', '1st year', '', '', 'Cheryl B. Pantaleon', 'Hybrid (Online + Face-to-face)', 'No', '', 'Yes', 'C Language;', 'Yes', 'Yes', 'Home', 'No', 'Yes', 'Commute(Jeep, Taxi, Angkas, etc.)', '2 rides', '1 hour - 2 hours', 'Excited and Happy', 'Commute(Jeep, Taxi, Angkas, etc.)', '2 rides', '1 hour - 2 hours', 'Tired and Lazy', 'High Demand/Huge Job Opportunities;'),
	('230076146', 'BS Information Technology', '1st year', '', '', 'Cheryl B. Pantaleon', 'Hybrid (Online + Face-to-face)', 'No', '', 'No', '', 'Yes', 'Yes', 'Home', 'Yes', 'Yes', 'Commute(Jeep, Taxi, Angkas, etc.)', '1 ride', 'Less than 30 minutes', 'Tired and Sleepy', 'Commute(Jeep, Taxi, Angkas, etc.)', '1 ride', 'Less than 30 minutes', 'Dreading Assignments', 'High Salary/Financial Stability;'),
	('230529787', 'BS Information Technology', '1st year', '', '', 'Cheryl B. Pantaleon', 'Face-to-face', 'No', '', 'No', '', 'Yes', 'Yes', 'Boarding House', 'Yes', 'Yes', 'Commute(Jeep, Taxi, Angkas, etc.)', '1 ride', 'Less than 30 minutes', 'Excited and Happy', 'Commute(Jeep, Taxi, Angkas, etc.)', '1 ride', 'Less than 30 minutes', 'Tired and Lazy', 'Not my choice;Family Influence;High Demand/Huge Job Opportunities;'),
	('230185503', 'BS Information Technology', '1st year', '', '', 'Cheryl B. Pantaleon', 'Hybrid (Online + Face-to-face)', 'No', '', 'Yes', 'C Language;C++;C#;Java;Python;Js, React, Kotlin;', 'Yes', 'Yes', 'Boarding House', 'Yes', 'Yes', 'Walk', '', 'Less than 30 minutes', 'Tired and Sleepy', 'Walk', '', 'Less than 30 minutes', 'Tired and Lazy', 'Family Influence;'),
	('231315571', 'BS Information Technology', '1st year', '', '', 'Cheryl B. Pantaleon', 'Hybrid (Online + Face-to-face)', 'No', '', 'Yes', 'C Language;Java;', 'Yes', 'Yes', 'Boarding House', 'Yes', 'Yes', 'Walk', '', 'Less than 30 minutes', 'Tired and Sleepy', 'Walk', '', 'Less than 30 minutes', 'Dreading Assignments', 'Not my choice;'),
	('230225681', 'BS Information Technology', '1st year', '', '', 'Cheryl B. Pantaleon', 'Face-to-face', 'No', '', 'No', '', 'Yes', 'Yes', 'Boarding House', 'Yes', 'Yes', 'Commute(Jeep, Taxi, Angkas, etc.)', '1 ride', 'Less than 30 minutes', 'Tired and Sleepy', 'Commute(Jeep, Taxi, Angkas, etc.)', '1 ride', 'Less than 30 minutes', 'Relieved and Happy', 'High Demand/Huge Job Opportunities;'),
	('230345916', 'BS Information Technology', '1st year', '', '', 'Cheryl B. Pantaleon', 'Online', 'No', '', 'Yes', 'css;', 'Yes', 'No', 'Boarding House', 'No', 'No', 'Commute(Jeep, Taxi, Angkas, etc.)', '1 ride', 'Less than 30 minutes', 'Tired and Sleepy', 'Commute(Jeep, Taxi, Angkas, etc.)', '1 ride', '30 minutes to 1 hour', 'Excited on doing Assignments', 'Skill Development/Passion;'),
	('230952972', 'BS Information Technology', '1st year', '', '', 'Cheryl B. Pantaleon', 'Face-to-face', 'No', '', 'Yes', 'C Language;', 'Yes', 'Yes', 'Home', 'Yes', 'Yes', 'Commute(Jeep, Taxi, Angkas, etc.)', '3 rides', '1 hour - 2 hours', 'Tired and Sleepy', 'Commute(Jeep, Taxi, Angkas, etc.)', '3 rides', '1 hour - 2 hours', 'Tired and Lazy', 'High Demand/Huge Job Opportunities;'),
	('230197396', 'BS Information Technology', '1st year', '', '', 'Cheryl B. Pantaleon', 'Face-to-face', 'No', '', 'No', '', 'Yes', 'No', 'Boarding House', 'Yes', 'Yes', 'Walk', '', 'Less than 30 minutes', 'Excited and Happy', 'Walk', '', 'Less than 30 minutes', 'Tired and Lazy', 'High Demand/Huge Job Opportunities;'),
	('231121678', 'BS Information Technology', '1st year', '', '', 'Cheryl B. Pantaleon', 'Face-to-face', 'No', '', 'No', '', 'Yes', 'Yes', 'Home', 'Yes', 'Yes', 'Personal(Car, Bike, Motorcycle, etc.)', '', '30 minutes to 1 hour', 'Tired and Sleepy', 'Commute(Jeep, Taxi, Angkas, etc.)', '2 rides', '30 minutes to 1 hour', 'Relieved and Happy', 'High Demand/Huge Job Opportunities;'),
	('201040027', 'BS Information Technology', '1st year', '', '', 'Cheryl B. Pantaleon', 'Face-to-face', 'Yes', 'DOST Scholarship;', 'No', '', 'Yes', 'Yes', 'Home', 'No', 'Yes', 'Personal(Car, Bike, Motorcycle, etc.)', '', 'Less than 30 minutes', 'Tired and Sleepy', 'Commute(Jeep, Taxi, Angkas, etc.)', '2 rides', '30 minutes to 1 hour', 'Relieved and Happy', 'Family Influence;High Demand/Huge Job Opportunities;'),
	('231156855', 'BS Information Technology', '1st year', '', '', 'Cheryl B. Pantaleon', 'Face-to-face', 'No', '', 'No', '', 'Yes', 'Yes', 'Boarding House', 'Yes', 'Yes', 'Walk', '', 'Less than 30 minutes', 'Tired and Sleepy', 'Walk', '', 'Less than 30 minutes', 'Relieved and Happy', 'Family Influence;'),
	('233773764', 'BS Information Technology', '1st year', '', '', 'Cheryl B. Pantaleon', 'Face-to-face', 'No', '', 'Yes', 'Nodejs/javascript;', 'Yes', 'Yes', 'Boarding House', 'Yes', 'Yes', 'Walk', '', 'Less than 30 minutes', 'Tired and Sleepy', 'Walk', '', 'Less than 30 minutes', 'Relieved and Happy', 'Skill Development/Passion;'),
	('230209694', 'BS Information Technology', '1st year', '', '', 'Cheryl B. Pantaleon', 'Face-to-face', 'Yes', 'ELAP Scholarship (OWWA);', 'No', '', 'Yes', 'No', 'Boarding House', 'Yes', 'Yes', 'Commute(Jeep, Taxi, Angkas, etc.)', '1 ride', 'Less than 30 minutes', 'Tired and Sleepy', 'Commute(Jeep, Taxi, Angkas, etc.)', '1 ride', 'Less than 30 minutes', 'Relieved and Happy', 'High Demand/Huge Job Opportunities;'),
	('207631433', 'BS Information Technology', '1st year', '', '', 'Cheryl B. Pantaleon', 'Hybrid (Online + Face-to-face)', 'No', '', 'No', '', 'Yes', 'Yes', 'Home', 'No', 'Yes', 'Commute(Jeep, Taxi, Angkas, etc.)', '2 rides', '30 minutes to 1 hour', 'Tired and Sleepy', 'Commute(Jeep, Taxi, Angkas, etc.)', '2 rides', '30 minutes to 1 hour', 'Tired and Lazy', 'High Salary/Financial Stability;'),
	('231889639', 'BS Information Technology', '1st year', '', '', 'Erica Jean S. Abadinas', 'Face-to-face', 'No', '', 'No', '', 'Yes', 'Yes', 'Home', 'Yes', 'Yes', 'Commute(Jeep, Taxi, Angkas, etc.)', '1 ride', '1 hour - 2 hours', 'Tired and Sleepy', 'Commute(Jeep, Taxi, Angkas, etc.)', '1 ride', '1 hour - 2 hours', 'Tired and Lazy', 'Skill Development/Passion;'),
	('230801572', 'BS Information Technology', '1st year', '', '', 'Erica Jean S. Abadinas', 'Face-to-face', 'No', '', 'No', '', 'Yes', 'Yes', 'Home', 'Yes', 'Yes', 'Commute(Jeep, Taxi, Angkas, etc.)', '2 rides', 'Less than 30 minutes', 'Excited and Happy', 'Commute(Jeep, Taxi, Angkas, etc.)', '2 rides', 'Less than 30 minutes', 'Tired and Lazy', 'Not my choice;Family Influence;High Demand/Huge Job Opportunities;'),
	('236163279', 'BS Information Technology', '1st year', '', '', 'Kenn Migan Vincent C. Gumonan', 'Face-to-face', 'No', '', 'No', '', 'No', 'Yes', 'Boarding House', 'Yes', 'Yes', 'Commute(Jeep, Taxi, Angkas, etc.)', '1 ride', 'Less than 30 minutes', 'Tired and Sleepy', 'Commute(Jeep, Taxi, Angkas, etc.)', '1 ride', 'Less than 30 minutes', 'Tired and Lazy', 'Skill Development/Passion;'),
	('236693453', 'BS Information Technology', '1st year', '', '', 'Kenn Migan Vincent C. Gumonan', 'Hybrid (Online + Face-to-face)', 'No', '', 'No', '', 'No', 'No', 'Boarding House', 'No', 'No', 'Walk', '', '30 minutes to 1 hour', 'Excited and Happy', 'Commute(Jeep, Taxi, Angkas, etc.)', '2 rides', '30 minutes to 1 hour', 'Tired and Lazy', 'Not my choice;'),
	('233529427', 'BS Information Technology', '1st year', '', '', 'Kenn Migan Vincent C. Gumonan', 'Face-to-face', 'No', '', 'Yes', 'Java;', 'Yes', 'No', 'Home', 'No', 'Yes', 'Commute(Jeep, Taxi, Angkas, etc.)', '2 rides', '30 minutes to 1 hour', 'Excited and Happy', 'Commute(Jeep, Taxi, Angkas, etc.)', '1 ride', '30 minutes to 1 hour', 'Tired and Lazy', 'Family Influence;'),
	('236345966', 'BS Information Technology', '1st year', '', '', 'Kenn Migan Vincent C. Gumonan', 'Face-to-face', 'No', '', 'No', '', 'No', 'Yes', 'Home', 'No', 'Yes', 'Commute(Jeep, Taxi, Angkas, etc.)', '1 ride', 'Less than 30 minutes', 'Excited and Happy', 'Commute(Jeep, Taxi, Angkas, etc.)', '2 rides', 'Less than 30 minutes', 'Tired and Lazy', 'Family Influence;Piqued Interest;'),
	('236684160', 'BS Information Technology', '1st year', '', '', 'Kenn Migan Vincent C. Gumonan', 'Face-to-face', 'No', '', 'No', '', 'No', 'No', 'Boarding House', 'Yes', 'Yes', 'Commute(Jeep, Taxi, Angkas, etc.)', '1 ride', 'Less than 30 minutes', 'Excited and Happy', 'Commute(Jeep, Taxi, Angkas, etc.)', '1 ride', 'Less than 30 minutes', 'Tired and Lazy', 'High Demand/Huge Job Opportunities;'),
	('236492687', 'BS Information Technology', '1st year', '', '', 'Kenn Migan Vincent C. Gumonan', 'Face-to-face', 'No', '', 'No', '', 'No', 'Yes', 'Home', 'No', 'Yes', 'Personal(Car, Bike, Motorcycle, etc.)', '', 'Less than 30 minutes', 'Tired and Sleepy', 'Commute(Jeep, Taxi, Angkas, etc.)', '2 rides', '1 hour - 2 hours', 'Relieved and Happy', 'High Demand/Huge Job Opportunities'),
	('230148359', 'BS Information Technology', '1st year', '', '', 'Kenn Migan Vincent C. Gumonan', 'Face-to-face', 'No', '', 'No', '', 'Yes', 'Yes', 'Home', 'No', 'Yes', 'Walk', '', 'Less than 30 minutes', 'Tired and Sleepy', 'Walk', '', 'Less than 30 minutes', 'Tired and Lazy', 'High Salary/Financial Stability;'),
	('236786523', 'BS Information Technology', '1st year', '', '', 'Kenn Migan Vincent C. Gumonan', 'Face-to-face', 'No', '', 'No', '', 'Yes', 'No', 'Boarding House', 'No', 'Yes', 'Commute(Jeep, Taxi, Angkas, etc.)', '1 ride', 'Less than 30 minutes', 'Tired and Sleepy', 'Commute(Jeep, Taxi, Angkas, etc.)', '1 ride', '30 minutes to 1 hour', 'Tired and Lazy', 'Piqued Interest;Skill Development/Passion;'),
	('232220418', 'BS Information Technology', '1st year', '', '', 'Erica Jean S. Abadinas', 'Face-to-face', 'Yes', 'Cebu City Scholarship;', 'Yes', 'C Language;', 'Yes', 'Yes', 'Home', 'No', 'Yes', 'Personal(Car, Bike, Motorcycle, etc.)', '', 'Less than 30 minutes', 'Excited and Happy', 'Personal(Car, Bike, Motorcycle, etc.)', '', 'Less than 30 minutes', 'Excited on doing Assignments', 'Skill Development/Passion;'),
	('236379922', 'BS Information Technology', '1st year', '', '', 'Kenn Migan Vincent C. Gumonan', 'Face-to-face', 'No', '', 'No', '', 'No', 'Yes', 'Home', 'Yes', 'Yes', 'Commute(Jeep, Taxi, Angkas, etc.)', '1 ride', 'Less than 30 minutes', 'Excited and Happy', 'Walk', '', '30 minutes to 1 hour', 'Relieved and Happy', 'High Demand/Huge Job Opportunities;'),
	('213398579', 'BS Information Technology', '1st year', '', '', 'Kenn Migan Vincent C. Gumonan', 'Face-to-face', 'No', '', 'No', '', 'Yes', 'Yes', 'Home', 'Yes', 'Yes', 'Commute(Jeep, Taxi, Angkas, etc.)', '1 ride', '1 hour - 2 hours', 'Tired and Sleepy', 'Commute(Jeep, Taxi, Angkas, etc.)', '1 ride', '1 hour - 2 hours', 'Relieved and Happy', 'Family Influence;'),
	('236061203', 'BS Computer Science', '1st year', '', '', 'Kenn Migan Vincent C. Gumonan', 'Hybrid (Online + Face-to-face)', 'No', '', 'No', '', 'Yes', 'Yes', 'Boarding House', 'Yes', 'Yes', 'Walk', '', 'Less than 30 minutes', 'Excited and Happy', 'Walk', '', 'Less than 30 minutes', 'Tired and Lazy', 'Skill Development/Passion;'),
	('234200947', 'BS Information Technology', '1st year', '', '', 'Kenn Migan Vincent C. Gumonan', 'Face-to-face', 'Yes', 'CIT-U Academic Scholarship (Senior High School Honor Graduate);Cebu City Scholarship;', 'No', '', 'Yes', 'Yes', 'Boarding House', 'No', 'Yes', 'Walk', '', 'Less than 30 minutes', 'Excited and Happy', 'Walk', '', 'Less than 30 minutes', 'Relieved and Happy', 'Skill Development/Passion;High Demand/Huge Job Opportunities;'),
	('236700709', 'BS Information Technology', '1st year', '', '', 'Kenn Migan Vincent C. Gumonan', 'Face-to-face', 'No', '', 'No', '', 'Yes', 'Yes', 'Home', 'Yes', 'Yes', 'Walk', '', 'Less than 30 minutes', 'Excited and Happy', 'Walk', '', 'Less than 30 minutes', 'Relieved and Happy', 'Skill Development/Passion;'), 
	('236586877', 'BS Information Technology', '1st year', '', '', 'Kenn Migan Vincent C. Gumonan', 'Face-to-face', 'No', '', 'No', '', 'Yes', 'No', 'Home', 'Yes', 'Yes', 'Commute(Jeep, Taxi, Angkas, etc.)', '1 ride', 'Less than 30 minutes', 'Excited and Happy', 'Commute(Jeep, Taxi, Angkas, etc.)', '1 ride', 'Less than 30 minutes', 'Tired and Lazy', 'Family Influence;'),
	('236808546', 'BS Information Technology', '1st year', '', '', 'Kenn Migan Vincent C. Gumonan', 'Face-to-face', 'No', '', 'No', '', 'Yes', 'Yes', 'Home', 'No', 'Yes', 'Personal(Car, Bike, Motorcycle, etc.)', '', '30 minutes to 1 hour', 'Excited and Happy', 'Commute(Jeep, Taxi, Angkas, etc.)', '2 rides', '30 minutes to 1 hour', 'Tired and Lazy', 'Skill Development/Passion;'),
	('201477175', 'BS Information Technology', '1st year', '', '', 'Kenn Migan Vincent C. Gumonan', 'Face-to-face', 'Yes', 'NAS ;', 'No', '', 'Yes', 'No', 'Home', 'Yes', 'Yes', 'Commute(Jeep, Taxi, Angkas, etc.)', '1 ride', '1 hour - 2 hours', 'Tired and Sleepy', 'Commute(Jeep, Taxi, Angkas, etc.)', '1 ride', '1 hour - 2 hours', 'Tired and Lazy', 'Skill Development/Passion;'), 
	('236845234', 'BS Information Technology', '1st year', '', '', 'Kenn Migan Vincent C. Gumonan', 'Face-to-face', 'No', '', 'No', '', 'Yes', 'Yes', 'Home', 'Yes', 'Yes', 'Commute(Jeep, Taxi, Angkas, etc.)', '1 ride', 'Less than 30 minutes', 'Excited and Happy', 'Commute(Jeep, Taxi, Angkas, etc.)', '1 ride', 'Less than 30 minutes', 'Dreading Assignments', 'Piqued Interest;Skill Development/Passion;'), 
	('236835448', 'BS Information Technology', '1st year', '', '', 'Kenn Migan Vincent C. Gumonan', 'Face-to-face', 'No', '', 'Yes', 'C#;Java;HTML;', 'Yes', 'Yes', 'Home', 'Yes', 'Yes', 'Personal(Car, Bike, Motorcycle, etc.)', '', '30 minutes to 1 hour', 'Excited and Happy', 'Commute(Jeep, Taxi, Angkas, etc.)', '2 rides', '30 minutes to 1 hour', 'Relieved and Happy', 'High Demand/Huge Job Opportunities;Skill Development/Passion;'), 
	('170726103', 'BS Information Technology', '1st year', '', '', 'Erica Jean S. Abadinas', 'Hybrid (Online + Face-to-face)', 'No', '', 'No', '', 'Yes', 'Yes', 'Home', 'Yes', 'Yes', 'Commute(Jeep, Taxi, Angkas, etc.)', '1 ride', 'Less than 30 minutes', 'Excited and Happy', 'Commute(Jeep, Taxi, Angkas, etc.)', '1 ride', 'Less than 30 minutes', 'Tired and Lazy', 'Good School Reputation;Skill Development/Passion;'), 
	('233308981', 'BS Information Technology', '1st year', '', '', 'Erica Jean S. Abadinas', 'Face-to-face', 'No', '', 'No', '', 'No', 'Yes', 'Home', 'Yes', 'Yes', 'Walk', '', 'Less than 30 minutes', 'Tired and Sleepy', 'Walk', '', 'Less than 30 minutes', 'Relieved and Happy', 'High Salary/Financial Stability;'), 
	('201140035', 'BS Information Technology', '1st year', '', '', 'Erica Jean S. Abadinas', 'Hybrid (Online + Face-to-face)', 'No', '', 'No', '', 'Yes', 'Yes', 'Home', 'No', 'No', 'Commute(Jeep, Taxi, Angkas, etc.)', '1 ride', 'Less than 30 minutes', 'Tired and Sleepy', 'Walk', '', '30 minutes to 1 hour', 'Tired and Lazy', 'No reason;'), 
	('214285868', 'BS Information Technology', '1st year', '', '', 'Erica Jean S. Abadinas', 'Hybrid (Online + Face-to-face)', 'No', '', 'No', '', 'Yes', 'Yes', 'Home', 'Yes', 'Yes', 'Commute(Jeep, Taxi, Angkas, etc.)', '2 rides', '30 minutes to 1 hour', 'Tired and Sleepy', 'Commute(Jeep, Taxi, Angkas, etc.)', '2 rides', '1 hour - 2 hours', 'Relieved and Happy', 'Childhood Dream;High Salary/Financial Stability;'), 
	('233163213', 'BS Information Technology', '1st year', '', '', 'Erica Jean S. Abadinas', 'Face-to-face', 'No', '', 'Yes', 'Java;', 'No', 'Yes', 'Home', 'Yes', 'Yes', 'Commute(Jeep, Taxi, Angkas, etc.)', '1 ride', 'Less than 30 minutes', 'Excited and Happy', 'Commute(Jeep, Taxi, Angkas, etc.)', '1 ride', '30 minutes to 1 hour', 'Relieved and Happy', 'High Salary/Financial Stability;'), 
	('232958771', 'BS Information Technology', '1st year', '', '', 'Erica Jean S. Abadinas', 'Face-to-face', 'No', '', 'No', '', 'Yes', 'No', 'Living with relative', 'Yes', 'Yes', 'Commute(Jeep, Taxi, Angkas, etc.)', '2 rides', '1 hour - 2 hours', 'Excited and Happy', 'Commute(Jeep, Taxi, Angkas, etc.)', '2 rides', '1 hour - 2 hours', 'Tired and Lazy', 'Skill Development/Passion;'),
	('212663704', 'BS Information Technology', '1st year', '', '', 'Erica Jean S. Abadinas', 'Face-to-face', 'Yes', 'Cebu City Scholarship;', 'No', '', 'Yes', 'Yes', 'Home', 'Yes', 'Yes', 'Personal(Car, Bike, Motorcycle, etc.)', '', 'Less than 30 minutes', 'Excited and Happy', 'Personal(Car, Bike, Motorcycle, etc.)', '', 'Less than 30 minutes', 'Tired and Lazy', 'High Demand/Huge Job Opportunities;'),
	('236562740', 'BS Information Technology', '1st year', '', '', 'Kenn Migan Vincent C. Gumonan', 'Face-to-face', 'Yes', 'Cebu City Scholarship;', 'No', '', 'No', 'Yes', 'Home', 'No', 'Yes', 'Walk', '', '30 minutes to 1 hour', 'Excited and Happy', 'Walk', '', '30 minutes to 1 hour', 'Relieved and Happy', 'Piqued Interest;Skill Development/Passion;'),
	('230170798', 'BS Information Technology', '1st year', '', '', 'Erica Jean S. Abadinas', 'Face-to-face', 'No', '', 'No', '', 'No', 'No', 'Boarding House', 'No', 'No', 'Walk', '', 'Less than 30 minutes', 'Tired and Sleepy', 'Walk', '', 'Less than 30 minutes', 'Dreading Assignments', 'Piqued Interest;Skill Development/Passion;'),
	('211874319', 'BS Information Technology', '1st year', '', '', 'Kenn Migan Vincent C. Gumonan', 'Face-to-face', 'No', '', 'No', '', 'Yes', 'Yes', 'Home', 'Yes', 'Yes', 'Personal(Car, Bike, Motorcycle, etc.)', '', '30 minutes to 1 hour', 'Excited and Happy', 'Personal(Car, Bike, Motorcycle, etc.)', '', '30 minutes to 1 hour', 'Relieved and Happy', 'High Demand/Huge Job Opportunities;'),
	('234803498', 'BS Information Technology', '1st year', '', '', 'Kenn Migan Vincent C. Gumonan', 'Face-to-face', 'No', '', 'No', '', 'Yes', 'Yes', 'Home', 'No', 'Yes', 'Commute(Jeep, Taxi, Angkas, etc.)', '1 ride', 'Less than 30 minutes', 'Tired and Sleepy', 'Commute(Jeep, Taxi, Angkas, etc.)', '1 ride', 'Less than 30 minutes', 'Dreading Assignments', 'Piqued Interest;Skill Development/Passion;'), 
	('233174814', 'BS Information Technology', '1st year', '', '', 'Erica Jean S. Abadinas', 'Face-to-face', 'Yes', 'CIT-U Special Academic Scholarship (Cebu City National Science High School Graduates/ Philippine Science High School Graduates);', 'No', '', 'Yes', 'Yes', 'Home', 'Yes', 'Yes', 'Personal(Car, Bike, Motorcycle, etc.)', '', 'Less than 30 minutes', 'Tired and Sleepy', 'Personal(Car, Bike, Motorcycle, etc.)', '', 'Less than 30 minutes', 'Dreading Assignments', 'Skill Development/Passion;Good School Reputation;'),
	('237098245', 'BS Information Technology', '1st year', '', '', 'Erica Jean S. Abadinas', 'Face-to-face', 'No', '', 'No', '', 'Yes', 'Yes', 'Home', 'No', 'No', 'Commute(Jeep, Taxi, Angkas, etc.)', '2 rides', '1 hour - 2 hours', 'Tired and Sleepy', 'Commute(Jeep, Taxi, Angkas, etc.)', '2 rides', '1 hour - 2 hours', 'Dreading Assignments', 'Family Influence;Skill Development/Passion;'),
	('232708807', 'BS Information Technology', '1st year', '', '', 'Erica Jean S. Abadinas', 'Face-to-face', 'No', '', 'No', '', 'No', 'Yes', 'Home', 'No', 'Yes', 'Commute(Jeep, Taxi, Angkas, etc.)', '1 ride', '30 minutes to 1 hour', 'Excited and Happy', 'Commute(Jeep, Taxi, Angkas, etc.)', '1 ride', '30 minutes to 1 hour', 'Tired and Lazy', 'Piqued Interest;Skill Development/Passion;'),
	('213920383', 'BS Information Technology', '1st year', '', '', 'Erica Jean S. Abadinas', 'Face-to-face', 'Yes', 'Cebu City Scholarship;', 'No', '', 'Yes', 'Yes', 'Home', 'Yes', 'Yes', 'Walk', '', 'Less than 30 minutes', 'Excited and Happy', 'Walk', '', 'Less than 30 minutes', 'Relieved and Happy', 'Skill Development/Passion;'),
	('233045817', 'BS Information Technology', '1st year', '', '', 'Erica Jean S. Abadinas', 'Face-to-face', 'No', '', 'No', '', 'Yes', 'Yes', 'Home', 'Yes', 'Yes', 'Commute(Jeep, Taxi, Angkas, etc.)', '2 rides', '1 hour - 2 hours', 'Tired and Sleepy', 'Commute(Jeep, Taxi, Angkas, etc.)', '2 rides', '1 hour - 2 hours', 'Tired and Lazy', 'Skill Development/Passion;'),
	('233030981', 'BS Information Technology', '1st year', '', '', 'Erica Jean S. Abadinas', 'Face-to-face', 'No', '', 'Yes', 'C#;Lua, Rust, and Python;', 'No', 'Yes', 'Home', 'Yes', 'Yes', 'Commute(Jeep, Taxi, Angkas, etc.)', '2 rides', '30 minutes to 1 hour', 'Tired and Sleepy', 'Commute(Jeep, Taxi, Angkas, etc.)', '2 rides', '30 minutes to 1 hour', 'Dreading Assignments', 'High Salary/Financial Stability;Skill Development/Passion;'),
	('233422570', 'BS Information Technology', '1st year', '', '', 'Erica Jean S. Abadinas', 'Face-to-face', 'Yes', 'Cebu City Scholarship;', 'No', '', 'Yes', 'Yes', 'Home', 'Yes', 'Yes', 'Walk', '', 'Less than 30 minutes', 'Excited and Happy', 'Walk', '', 'Less than 30 minutes', 'Tired and Lazy', 'Childhood Dream;High Demand/Huge Job Opportunities;'),
	('170440799', 'BS Information Technology', '1st year', '', '', 'Erica Jean S. Abadinas', 'Face-to-face', 'Yes', 'Cebu City Scholarship;', 'No', '', 'Yes', 'Yes', 'Home', 'Yes', 'No', 'Commute(Jeep, Taxi, Angkas, etc.)', '1 ride', 'Less than 30 minutes', 'Tired and Sleepy', 'Commute(Jeep, Taxi, Angkas, etc.)', '2 rides', 'Less than 30 minutes', 'Tired and Lazy', 'Skill Development/Passion;'),
	('170945255', 'BS Information Technology', '1st year', '', '', 'Erica Jean S. Abadinas', 'Face-to-face', 'No', '', 'No', '', 'Yes', 'Yes', 'Home', 'No', 'No', 'Walk', '', 'Less than 30 minutes', 'Tired and Sleepy', 'Walk', '', 'Less than 30 minutes', 'Relieved and Happy', 'High Demand/Huge Job Opportunities'),
	('201140187', 'BS Information Technology', '1st year', '', '', 'Erica Jean S. Abadinas', 'Face-to-face', 'Yes', 'DOST Scholarship;', 'No', '', 'Yes', 'Yes', 'Home', 'No', 'Yes', 'Walk', '', 'Less than 30 minutes', 'Excited and Happy', 'Walk', '', 'Less than 30 minutes', 'Dreading Assignments', 'Piqued Interest;High Demand/Huge Job Opportunities;High Salary/Financial Stability;'), 
	('232073528', 'BS Information Technology', '1st year', '', '', 'Erica Jean S. Abadinas', 'Face-to-face', 'No', '', 'No', '', 'Yes', 'Yes', 'Home', 'Yes', 'Yes', 'Commute(Jeep, Taxi, Angkas, etc.)', '2 rides', '30 minutes to 1 hour', 'Tired and Sleepy', 'Commute(Jeep, Taxi, Angkas, etc.)', '2 rides', '30 minutes to 1 hour', 'Dreading Assignments', 'Piqued Interest;'), 
	('231302875', 'BS Information Technology', '1st year', '', '', 'Erica Jean S. Abadinas', 'Face-to-face', 'No', '', 'No', '', 'No', 'Yes', 'Home', 'Yes', 'No', 'Commute(Jeep, Taxi, Angkas, etc.)', '1 ride', '1 hour - 2 hours', 'Tired and Sleepy', 'Commute(Jeep, Taxi, Angkas, etc.)', '2 rides', '1 hour - 2 hours', 'Tired and Lazy', 'High Salary/Financial Stability;'), 
	('235403973', 'BS Information Technology', '1st year', '', '', 'Kenn Migan Vincent C. Gumonan', 'Face-to-face', 'No', '', 'No', '', 'Yes', 'No', 'Home', 'No', 'Yes', 'Commute(Jeep, Taxi, Angkas, etc.)', '1 ride', '30 minutes to 1 hour', 'Tired and Sleepy', 'Commute(Jeep, Taxi, Angkas, etc.)', '1 ride', '30 minutes to 1 hour', 'Tired and Lazy', 'No reason;'), 
	('231018639', 'BS Information Technology', '1st year', '', '', 'Erica Jean S. Abadinas', 'Hybrid (Online + Face-to-face)', 'No', '', 'No', '', 'Yes', 'Yes', 'Boarding House', 'No', 'No', 'Commute(Jeep, Taxi, Angkas, etc.)', '1 ride', 'Less than 30 minutes', 'Excited and Happy', 'Commute(Jeep, Taxi, Angkas, etc.)', '1 ride', 'Less than 30 minutes', 'Relieved and Happy', 'High Demand/Huge Job Opportunities;');
